FIPS,Retail Opioid Prescriptions Dispensed per 100 Persons
02020,51.2
02090,36.8
02110,54.9
02122,76.3
02130,58.6
02150,23.2
02170,60.8
02195,65.0
02198,29.0
02220,0.1
02261,23.6
01001,96.7
01003,93.6
01005,86.0
01007,81.1
01009,45.4
01011,24.8
01013,106.0
01015,129.9
01017,117.1
01019,129.2
01021,96.0
01023,67.4
01025,144.4
01027,105.7
01029,38.2
01031,114.2
01033,167.0
01035,88.5
01037,24.4
01039,135.1
01041,59.8
01043,126.7
01045,69.6
01047,82.0
01049,98.2
01051,98.5
01053,137.4
01055,126.1
01057,92.2
01059,152.3
01061,38.9
01063,36.8
01065,74.6
01067,21.3
01069,127.8
01071,130.5
01073,95.8
01075,82.0
01077,100.8
01079,88.0
01081,52.2
01083,61.4
01087,42.4
01089,85.4
01091,147.9
01093,140.2
01095,151.9
01097,107.6
01099,109.8
01101,70.3
01103,108.9
01105,0.1
01107,63.4
01109,90.1
01111,86.0
01113,92.9
01115,100.1
01117,81.2
01119,27.8
01121,108.5
01123,93.0
01125,89.1
01127,204.8
01129,44.0
01131,50.9
01133,143.4
05001,110.4
05003,100.7
05005,107.3
05007,69.1
05009,126.0
05011,97.7
05013,65.4
05015,70.3
05017,79.5
05019,97.4
05021,105.9
05023,102.7
05025,9.7
05027,93.9
05029,103.3
05031,125.8
05033,132.1
05035,93.5
05037,98.5
05039,74.2
05041,102.2
05043,113.0
05045,76.0
05047,13.7
05049,98.9
05051,138.6
05053,61.1
05055,155.7
05057,100.9
05059,82.6
05061,138.0
05063,129.3
05065,93.4
05067,115.6
05069,96.0
05071,104.3
05073,99.8
05075,27.0
05077,56.4
05079,50.6
05081,145.3
05083,27.8
05085,85.5
05087,69.5
05089,56.3
05091,94.2
05093,125.5
05095,75.6
05097,74.4
05103,123.8
05105,48.3
05107,120.8
05109,76.2
05111,109.2
05113,97.1
05115,95.3
05117,68.9
05119,87.1
05121,83.6
05123,76.3
05125,80.8
05127,110.0
05129,74.3
05131,141.9
05133,43.4
05135,116.3
05137,145.4
05139,107.1
05141,97.8
05143,76.2
05145,98.6
05147,8.1
05149,55.2
04001,15.9
04003,60.3
04005,34.7
04007,73.7
04009,66.2
04012,50.3
04013,48.6
04015,94.1
04017,56.5
04019,56.5
04021,40.2
04023,16.6
04025,71.9
04027,37.2
06001,22.0
06005,85.1
06007,89.4
06009,58.7
06011,30.9
06013,31.4
06015,97.3
06017,47.2
06019,48.3
06021,67.4
06023,67.0
06025,44.1
06027,41.6
06029,48.5
06031,54.5
06033,77.3
06035,51.7
06037,27.4
06039,37.0
06041,28.4
06043,47.6
06045,81.7
06047,47.9
06049,50.5
06051,37.9
06053,38.2
06055,32.1
06057,61.8
06059,33.8
06061,49.3
06063,66.6
06065,39.8
06067,38.2
06069,36.1
06071,41.6
06073,29.9
06075,23.0
06077,40.4
06079,58.6
06081,23.8
06083,42.4
06085,18.3
06087,41.6
06089,84.3
06091,5.5
06093,93.3
06095,31.8
06097,40.1
06099,65.6
06101,76.3
06103,70.8
06105,72.7
06107,51.2
06109,85.8
06111,43.9
06113,35.7
06115,61.7
08001,39.7
08003,98.4
08005,44.0
08007,59.1
08009,67.6
08011,34.3
08013,37.0
08014,41.1
08015,71.9
08017,48.6
08019,27.3
08021,0.0
08025,23.1
08029,65.6
08031,29.2
08035,41.7
08037,33.4
08041,51.9
08039,27.4
08043,55.9
08045,51.0
08049,33.5
08051,36.7
08055,74.1
08059,53.2
08061,93.2
08063,45.0
08067,42.5
08065,39.2
08069,44.8
08071,100.8
08073,34.2
08075,68.9
08077,59.5
08081,75.8
08083,63.8
08085,65.8
08087,50.5
08089,84.2
08091,1.5
08097,17.9
08099,55.6
08101,83.4
08103,26.1
08105,62.3
08107,40.0
08113,20.3
08117,45.9
08119,74.9
08123,40.6
08125,47.0
09001,33.8
09003,43.3
09005,47.0
09007,49.6
09009,48.6
09011,48.5
09013,37.8
09015,54.4
11001,25.0
10001,58.6
10003,57.5
10005,69.8
12001,57.8
12003,89.0
12005,97.5
12007,70.4
12009,74.2
12011,39.0
12013,65.8
12015,66.5
12017,89.9
12019,69.9
12021,45.4
12023,94.9
12027,47.0
12029,39.1
12031,70.9
12033,89.4
12035,66.2
12037,55.6
12039,46.0
12041,37.1
12043,3.8
12045,81.2
12047,33.8
12049,31.5
12051,56.0
12053,91.9
12055,65.7
12057,52.6
12059,70.9
12061,81.2
12063,91.0
12065,39.9
12067,42.3
12069,65.0
12071,55.1
12073,57.0
12075,86.1
12077,33.3
12079,71.6
12081,62.4
12083,73.2
12085,64.8
12086,24.1
12087,64.9
12089,86.2
12091,65.9
12093,86.3
12095,36.0
12097,39.8
12099,48.3
12101,71.2
12103,67.2
12105,58.8
12107,87.5
12109,51.2
12111,54.8
12113,77.4
12115,65.8
12117,45.8
12119,65.6
12121,72.2
12123,103.3
12125,46.8
12127,64.3
12129,67.8
12131,74.8
12133,108.9
13001,103.3
13003,56.8
13005,172.7
13009,81.1
13011,39.5
13013,68.4
13015,87.4
13017,162.5
13019,47.3
13021,107.2
13023,110.5
13025,47.5
13027,87.6
13029,69.0
13031,68.6
13033,66.5
13035,68.1
13037,0.1
13039,54.4
13043,135.1
13045,100.3
13047,91.8
13049,87.2
13051,69.1
13055,106.2
13057,56.4
13059,81.2
13061,32.3
13063,34.1
13065,132.3
13067,47.1
13069,155.4
13071,80.1
13073,62.8
13075,97.7
13077,68.2
13079,6.3
13081,160.7
13083,51.1
13085,130.8
13087,109.1
13089,35.4
13091,73.0
13093,0.0
13095,90.4
13097,75.4
13099,108.6
13103,62.0
13105,130.6
13107,95.9
13109,90.6
13111,122.1
13113,74.5
13115,121.8
13117,41.3
13119,112.4
13121,38.3
13123,112.7
13127,78.2
13129,95.6
13131,66.5
13133,104.3
13135,38.1
13137,87.2
13139,77.6
13141,37.7
13143,158.1
13145,5.7
13147,90.7
13149,0.0
13151,63.3
13153,76.8
13155,59.7
13157,97.4
13159,47.7
13161,72.5
13163,91.3
13165,16.9
13169,45.5
13171,67.1
13173,66.4
13175,100.6
13177,40.4
13179,46.5
13181,30.1
13185,83.5
13187,66.9
13193,68.9
13195,77.1
13197,16.6
13189,118.5
13191,45.4
13199,71.9
13201,90.4
13205,90.6
13207,59.7
13209,30.8
13211,62.0
13213,76.5
13215,75.7
13217,66.3
13219,55.7
13221,33.1
13223,46.4
13225,71.9
13227,101.9
13229,55.4
13231,10.0
13233,138.5
13235,82.6
13237,53.7
13241,144.7
13243,109.5
13245,64.3
13247,67.5
13249,0.0
13251,59.4
13253,155.3
13255,109.4
13257,146.4
13259,52.2
13261,99.7
13267,69.3
13269,76.0
13271,60.8
13273,30.7
13275,97.7
13277,125.0
13279,109.9
13281,81.8
13283,59.4
13285,87.0
13287,84.2
13289,0.0
13291,95.2
13293,135.3
13295,42.0
13297,86.7
13299,194.8
13303,69.9
13305,115.5
13307,62.0
13309,10.2
13311,83.6
13313,75.7
13315,0.0
13317,109.0
13319,73.7
13321,78.8
15001,53.6
15003,26.9
15007,40.0
15009,44.5
19001,36.7
19003,53.7
19005,26.3
19007,90.4
19009,67.1
19011,7.9
19013,58.9
19015,47.7
19017,37.4
19019,29.0
19021,32.2
19023,15.7
19025,61.8
19027,73.9
19029,79.2
19031,15.7
19033,65.4
19035,31.3
19037,18.6
19039,79.5
19041,89.8
19043,14.3
19045,63.6
19047,49.4
19049,19.8
19051,36.1
19053,54.2
19055,39.2
19057,75.4
19059,64.5
19061,50.2
19063,45.7
19065,53.8
19067,48.2
19071,33.0
19073,70.8
19075,35.0
19077,36.5
19079,50.4
19083,57.7
19085,46.9
19087,54.7
19089,23.9
19091,47.0
19093,62.8
19095,28.0
19097,28.2
19099,51.0
19101,72.6
19103,24.8
19105,25.8
19109,31.3
19111,94.0
19113,46.5
19115,19.6
19117,77.0
19119,22.2
19121,62.9
19123,60.8
19125,52.1
19127,57.2
19129,39.6
19131,24.6
19133,80.8
19135,66.1
19137,101.8
19139,48.8
19141,51.6
19143,28.8
19145,88.2
19147,27.8
19149,39.6
19151,47.7
19153,58.5
19155,68.6
19157,44.4
19159,60.7
19161,15.6
19163,55.2
19165,48.5
19167,21.2
19169,31.8
19171,26.9
19175,104.5
19177,24.9
19179,76.2
19181,41.9
19183,39.2
19185,56.0
19187,65.3
19189,46.2
19191,38.4
19193,61.7
19195,0.1
19197,41.5
16001,53.8
16005,82.4
16007,97.3
16009,72.2
16011,56.6
16013,36.8
16017,53.6
16019,75.6
16021,86.1
16023,75.0
16027,58.8
16029,97.5
16031,82.4
16035,75.8
16037,20.5
16039,56.9
16041,63.4
16043,28.8
16045,91.1
16047,44.5
16049,38.2
16051,33.3
16053,56.8
16055,76.9
16057,49.7
16059,84.4
16061,0.3
16063,18.2
16065,44.0
16067,26.3
16069,107.3
16071,87.6
16073,27.2
16075,41.9
16077,56.2
16079,77.1
16081,47.2
16083,83.9
16085,69.0
16087,83.2
17001,95.5
17005,41.9
17007,40.4
17009,0.1
17011,26.5
17013,0.0
17015,30.1
17017,17.5
17019,51.5
17021,62.9
17023,51.0
17025,55.3
17027,25.9
17029,76.0
17031,32.5
17033,21.0
17039,63.2
17037,48.7
17041,25.8
17043,37.9
17045,66.2
17047,70.1
17049,54.2
17051,48.3
17053,0.0
17055,106.1
17057,69.8
17059,30.0
17061,0.1
17063,73.6
17067,16.7
17069,206.7
17073,49.1
17075,47.5
17077,77.8
17079,34.2
17081,89.3
17083,100.3
17085,17.9
17087,24.5
17089,33.6
17091,66.6
17093,41.9
17095,85.0
17099,70.6
17097,42.3
17101,74.9
17103,58.9
17105,63.6
17107,61.7
17115,76.1
17117,30.1
17119,85.7
17121,107.2
17123,40.7
17125,42.3
17127,131.4
17109,66.9
17111,52.1
17113,46.4
17129,20.4
17131,15.4
17133,65.4
17135,95.5
17137,96.7
17139,27.7
17141,19.7
17143,60.2
17145,40.8
17147,22.9
17149,38.5
17151,5.5
17153,54.9
17155,24.3
17157,51.5
17159,76.1
17161,66.3
17163,59.8
17165,177.0
17167,73.9
17169,31.4
17173,29.1
17177,68.4
17179,72.8
17181,119.6
17183,71.9
17185,68.5
17187,60.7
17189,28.4
17191,64.3
17193,75.6
17195,47.4
17197,44.8
17199,121.5
17201,77.4
17203,24.1
18001,50.8
18003,58.2
18005,72.0
18007,16.8
18009,69.2
18011,51.7
18013,29.6
18015,19.2
18017,56.5
18019,84.5
18021,71.9
18023,51.0
18025,40.1
18027,65.1
18033,50.1
18029,77.9
18031,52.0
18035,81.0
18037,84.3
18039,51.3
18041,96.7
18043,104.6
18045,83.6
18047,38.1
18049,82.3
18051,79.2
18053,82.3
18055,64.9
18057,42.1
18059,61.9
18061,80.2
18063,58.7
18065,82.7
18067,102.5
18069,63.4
18071,59.8
18073,102.5
18075,72.8
18077,89.6
18079,75.8
18081,68.3
18083,99.4
18085,54.7
18091,78.7
18087,16.9
18089,66.8
18093,104.9
18095,87.1
18097,56.7
18099,68.7
18101,80.0
18103,52.3
18105,55.4
18107,77.3
18109,90.4
18111,17.8
18113,60.7
18115,0.1
18117,75.5
18119,62.7
18121,35.4
18123,78.5
18125,70.7
18127,77.0
18129,52.6
18131,46.6
18133,48.6
18135,60.6
18137,90.7
18139,56.0
18141,60.2
18143,114.3
18145,60.0
18147,26.6
18149,91.1
18151,65.4
18153,65.7
18155,36.1
18157,51.9
18159,40.2
18161,43.5
18163,111.0
18165,69.1
18167,77.6
18169,73.2
18173,67.8
18175,69.0
18177,81.8
18179,60.8
18181,65.2
18183,69.8
20001,130.8
20005,84.5
20007,0.0
20009,97.0
20011,88.9
20013,36.6
20015,90.5
20021,31.2
20023,105.8
20025,0.0
20027,76.7
20029,33.6
20031,85.8
20035,86.2
20037,79.3
20039,63.0
20041,0.0
20045,52.3
20047,71.1
20049,0.0
20051,91.8
20053,73.0
20055,61.6
20057,68.5
20059,87.7
20061,57.8
20063,0.2
20065,0.1
20067,53.0
20069,15.4
20071,102.3
20075,38.8
20077,65.8
20079,76.8
20081,0.1
20085,39.0
20087,2.1
20091,54.1
20093,34.8
20097,68.4
20099,92.4
20101,73.0
20103,34.9
20107,0.1
20109,68.1
20111,61.1
20115,26.6
20117,24.6
20113,73.0
20119,0.1
20121,34.5
20123,87.2
20125,103.1
20127,0.1
20129,105.3
20131,23.4
20133,87.5
20135,107.7
20137,81.8
20139,0.0
20141,147.1
20143,0.0
20145,35.3
20149,0.0
20151,137.6
20155,84.4
20157,0.1
20159,32.2
20161,59.1
20163,0.1
20165,50.7
20167,0.0
20169,118.3
20171,87.9
20173,84.8
20175,91.8
20177,78.8
20181,65.8
20183,109.1
20187,90.6
20189,20.2
20191,53.5
20193,84.3
20195,122.5
20199,37.6
20201,83.2
20205,80.1
20209,57.2
21001,92.1
21003,72.2
21005,67.8
21007,85.6
21009,104.3
21011,39.0
21013,197.9
21015,73.2
21017,78.8
21019,71.9
21021,92.5
21023,15.0
21025,151.6
21027,42.4
21029,59.0
21031,70.4
21033,116.8
21035,77.8
21037,70.3
21039,90.2
21041,122.4
21043,58.0
21045,72.1
21047,47.1
21049,83.1
21051,167.3
21053,115.4
21055,88.9
21057,127.2
21059,82.5
21061,62.6
21063,31.0
21065,124.4
21067,47.6
21069,55.1
21071,205.3
21073,74.1
21075,156.0
21077,30.7
21079,34.6
21081,87.0
21083,86.1
21085,115.8
21087,61.4
21089,61.6
21091,24.4
21093,77.8
21095,110.4
21097,74.0
21099,55.3
21101,112.8
21103,50.5
21105,58.7
21107,121.2
21109,45.5
21111,69.8
21113,68.6
21115,148.3
21117,59.3
21119,66.4
21121,78.6
21123,64.7
21125,83.0
21127,86.4
21129,125.6
21131,161.8
21133,116.8
21135,17.8
21137,53.1
21139,0.0
21141,97.3
21143,101.6
21151,67.7
21153,131.2
21155,81.5
21157,99.4
21159,123.2
21161,86.8
21145,149.9
21147,97.3
21149,68.6
21163,48.6
21165,34.3
21167,73.4
21169,60.8
21171,92.2
21173,118.2
21175,79.2
21177,104.9
21179,79.0
21181,26.1
21183,92.1
21185,46.6
21187,39.3
21189,241.8
21191,45.2
21193,203.6
21195,180.7
21197,133.0
21199,79.8
21203,60.2
21205,81.7
21207,101.9
21209,63.1
21211,58.4
21213,81.9
21215,35.4
21217,85.2
21219,0.0
21221,65.9
21223,50.2
21225,101.5
21227,73.9
21229,38.3
21231,110.5
21233,93.8
21235,199.6
21237,120.9
21239,56.5
22001,68.4
22003,86.0
22005,75.4
22007,28.2
22009,101.7
22011,62.8
22013,55.9
22015,79.4
22017,90.0
22019,90.0
22021,38.0
22025,87.3
22027,93.5
22029,84.9
22031,64.1
22033,72.6
22035,81.6
22037,44.1
22039,144.0
22041,92.0
22043,41.8
22045,81.2
22047,59.8
22049,55.9
22051,82.4
22053,84.5
22059,94.1
22055,80.0
22057,78.5
22061,76.3
22063,82.3
22067,91.2
22069,69.4
22071,50.9
22073,92.3
22075,37.4
22077,72.0
22079,117.1
22081,93.7
22083,125.6
22085,60.0
22087,85.1
22089,58.4
22091,70.7
22093,74.9
22097,121.0
22099,65.7
22101,89.3
22103,81.8
22095,87.7
22105,99.7
22107,72.2
22109,81.5
22111,69.4
22113,55.9
22115,66.6
22117,112.3
22119,99.7
22121,76.5
22123,36.3
22125,40.5
22127,87.6
25001,44.5
25003,46.6
25005,55.5
25007,40.5
25009,35.0
25011,41.5
25013,50.2
25015,44.2
25017,25.4
25019,27.2
25021,31.7
25023,40.2
25025,22.8
25027,38.7
24001,89.2
24003,53.7
24005,53.2
24510,41.9
24009,68.5
24011,34.6
24013,55.5
24015,56.4
24017,61.8
24019,61.3
24021,56.3
24023,63.4
24025,56.3
24027,28.4
24029,84.6
24031,26.5
24033,30.0
24035,49.8
24037,50.5
24039,42.6
24041,83.2
24043,90.3
24045,59.2
24047,59.7
23001,50.7
23003,52.1
23005,39.5
23007,42.2
23009,45.5
23011,70.1
23013,49.1
23015,34.0
23017,53.9
23019,51.4
23021,51.0
23023,45.3
23025,48.8
23027,33.9
23029,48.3
23031,46.9
26001,18.2
26003,35.0
26005,39.0
26007,101.6
26009,40.0
26011,78.4
26013,59.9
26015,49.0
26017,74.2
26019,52.9
26021,69.5
26023,56.0
26025,81.2
26027,27.6
26029,64.4
26031,91.9
26033,46.7
26035,94.5
26037,35.2
26039,94.4
26041,80.2
26043,65.9
26045,69.7
26047,96.1
26049,85.2
26051,77.9
26053,74.1
26055,83.8
26057,59.5
26059,48.8
26061,34.2
26063,55.6
26065,54.8
26067,51.4
26069,118.1
26071,74.5
26073,48.0
26075,61.9
26077,54.5
26079,70.2
26081,55.3
26085,25.6
26087,57.3
26089,14.5
26091,67.2
26093,44.9
26095,93.7
26097,49.0
26099,73.1
26101,75.4
26103,66.0
26105,98.9
26107,69.9
26109,30.1
26111,62.8
26113,24.2
26115,66.6
26117,89.8
26119,49.3
26121,95.7
26123,88.5
26125,54.7
26127,48.7
26129,114.5
26131,24.0
26133,51.9
26135,71.8
26137,125.8
26139,44.4
26141,41.9
26143,117.1
26145,67.1
26147,79.5
26149,76.1
26151,27.7
26153,86.0
26155,70.8
26157,57.9
26159,78.2
26161,30.7
26163,64.9
26165,99.0
27001,56.5
27003,38.5
27005,35.7
27007,41.4
27009,30.1
27011,70.9
27013,51.2
27015,41.0
27017,51.0
27019,32.2
27021,22.0
27023,52.1
27025,25.7
27027,34.4
27029,47.6
27031,33.6
27033,66.9
27035,46.9
27037,36.9
27039,10.0
27041,60.2
27043,39.1
27045,24.0
27047,29.0
27049,33.7
27051,28.7
27053,28.6
27055,20.0
27057,40.6
27059,45.8
27061,51.0
27063,24.6
27065,61.1
27067,50.2
27069,32.2
27071,49.2
27073,52.3
27075,24.5
27077,18.1
27079,10.1
27081,35.5
27083,39.0
27087,27.6
27089,17.9
27091,61.9
27085,55.1
27093,16.2
27095,50.1
27097,52.7
27099,26.9
27101,29.4
27103,16.9
27105,33.9
27107,12.2
27109,25.9
27111,40.6
27113,55.8
27115,48.5
27117,69.0
27119,49.5
27121,53.4
27123,31.2
27125,25.2
27127,35.7
27129,22.8
27131,37.8
27133,50.8
27135,55.0
27137,47.8
27139,28.6
27141,31.8
27143,18.8
27145,44.2
27147,35.4
27149,43.3
27151,39.7
27153,21.1
27155,42.6
27157,5.9
27159,111.2
27161,34.0
27163,42.6
27165,41.5
27167,42.6
27169,34.4
27171,41.0
27173,30.6
29001,89.7
29003,0.0
29005,88.4
29007,61.2
29009,95.0
29011,76.8
29013,30.3
29015,80.6
29017,46.8
29019,36.7
29021,83.3
29023,142.9
29027,33.1
29029,95.0
29031,87.6
29033,69.8
29037,84.6
29039,135.6
29041,27.6
29043,55.8
29045,57.8
29047,68.9
29049,55.0
29051,69.7
29053,28.9
29055,73.5
29057,23.7
29059,23.8
29061,25.7
29065,81.3
29067,66.0
29069,148.6
29071,74.6
29073,70.8
29075,63.7
29077,85.0
29079,92.2
29081,99.0
29083,113.2
29085,0.0
29089,0.0
29091,131.7
29093,121.2
29095,60.3
29097,112.3
29099,64.7
29101,43.1
29103,0.0
29105,81.5
29107,39.7
29109,42.4
29111,49.0
29113,56.1
29115,42.6
29117,85.7
29121,57.8
29123,115.3
29127,96.9
29119,28.9
29129,41.7
29131,53.8
29133,58.0
29137,0.0
29139,39.2
29141,42.0
29143,65.3
29145,49.6
29147,60.4
29149,51.0
29151,18.4
29153,55.3
29155,28.0
29157,48.0
29159,68.0
29161,75.6
29163,75.7
29165,52.8
29167,62.9
29169,27.5
29171,34.6
29175,96.4
29177,55.3
29181,95.4
29183,59.7
29185,34.9
29187,138.0
29189,55.3
29510,42.5
29186,40.8
29195,72.2
29197,3.3
29199,65.3
29201,97.9
29203,30.1
29205,22.6
29207,74.6
29209,71.2
29211,49.5
29213,81.4
29215,37.1
29217,60.4
29219,50.6
29221,24.4
29223,0.0
29225,75.0
29227,0.0
29229,103.0
28001,94.8
28003,132.1
28005,34.7
28007,80.9
28009,47.3
28011,61.7
28013,57.6
28017,76.0
28019,36.1
28021,46.1
28023,75.1
28025,91.7
28027,88.1
28029,72.9
28031,92.0
28033,77.1
28035,158.5
28037,46.1
28039,107.2
28041,47.2
28043,134.2
28045,72.0
28047,89.1
28049,49.7
28051,54.3
28053,48.5
28057,82.1
28059,73.8
28061,33.4
28065,88.9
28067,109.7
28069,29.5
28071,52.6
28073,29.0
28075,116.4
28077,90.5
28079,72.1
28081,90.2
28083,97.6
28085,82.9
28087,78.8
28089,49.5
28091,140.3
28093,44.5
28095,75.7
28097,56.1
28099,98.8
28101,47.4
28103,70.0
28105,54.7
28107,81.6
28109,101.1
28111,51.6
28113,108.9
28115,65.0
28117,75.0
28119,60.1
28121,76.2
28123,70.4
28125,70.5
28127,83.3
28129,37.5
28131,110.7
28133,39.4
28135,28.5
28137,90.1
28139,72.8
28141,108.5
28143,30.5
28145,81.2
28147,52.0
28149,73.1
28151,72.9
28153,95.1
28155,118.1
28157,64.6
28159,78.3
28161,41.0
28163,47.2
30001,68.0
30003,21.3
30005,32.3
30007,28.0
30009,23.3
30013,65.4
30015,20.2
30017,80.6
30021,62.7
30023,73.0
30025,0.1
30027,64.1
30029,72.0
30031,31.9
30035,30.9
30041,42.0
30043,17.0
30047,57.3
30049,55.6
30051,36.8
30053,85.2
30057,22.4
30059,42.3
30061,41.3
30063,57.5
30067,34.9
30071,62.6
30073,60.8
30075,28.5
30077,56.9
30081,61.5
30083,52.6
30085,23.5
30087,38.7
30089,62.5
30093,75.6
30095,41.1
30097,43.2
30099,28.9
30101,51.4
30105,32.6
30107,41.3
30111,65.2
37001,63.6
37003,17.0
37005,69.3
37007,65.2
37009,77.8
37011,65.8
37013,110.9
37015,0.0
37017,96.9
37019,81.2
37021,58.7
37023,101.2
37025,69.4
37027,106.5
37029,6.4
37031,75.4
37033,0.0
37035,98.2
37037,32.2
37039,107.5
37041,98.6
37043,109.1
37045,104.0
37047,118.7
37049,84.6
37051,67.9
37053,12.6
37055,87.4
37057,60.0
37059,75.4
37061,54.4
37063,34.4
37065,61.2
37067,55.9
37069,41.4
37071,88.3
37075,80.6
37077,52.9
37079,23.8
37081,56.1
37083,92.1
37085,59.1
37087,80.1
37089,61.1
37091,104.2
37093,35.8
37095,49.9
37097,77.8
37099,68.1
37101,49.0
37103,41.7
37105,96.7
37107,67.1
37109,84.0
37113,73.2
37115,42.8
37117,84.9
37111,60.3
37119,39.9
37121,109.2
37123,45.4
37125,82.3
37127,72.4
37129,69.1
37131,15.0
37133,56.5
37135,32.2
37137,76.5
37139,95.4
37141,40.1
37143,25.2
37145,77.6
37147,62.1
37149,47.3
37151,53.7
37153,115.3
37155,103.1
37157,107.8
37159,63.4
37161,77.9
37163,65.4
37165,142.7
37167,86.9
37169,70.5
37171,122.2
37173,69.5
37175,74.6
37177,70.6
37179,51.7
37181,86.8
37183,41.1
37185,24.8
37187,84.8
37189,63.5
37191,59.0
37193,67.8
37195,72.1
37197,46.9
37199,74.0
38001,85.0
38003,51.0
38005,4.0
38009,26.4
38011,40.8
38015,52.3
38017,20.8
38019,42.4
38021,51.6
38025,17.2
38027,77.3
38029,45.7
38031,82.1
38035,47.0
38039,47.3
38041,17.9
38043,25.2
38045,33.2
38049,20.1
38051,29.8
38053,37.6
38055,34.6
38057,53.4
38059,37.4
38061,8.1
38063,30.7
38067,45.3
38069,53.8
38071,100.5
38073,46.2
38075,23.6
38077,25.0
38079,2.9
38089,56.2
38093,59.8
38097,15.5
38099,33.7
38101,46.7
38103,57.1
38105,49.3
31001,67.8
31003,48.8
31013,89.5
31017,33.9
31019,68.3
31021,18.0
31023,52.4
31025,30.1
31027,32.7
31029,52.8
31031,59.9
31033,35.5
31039,23.1
31041,75.7
31043,63.2
31045,56.8
31047,54.9
31051,10.4
31053,79.5
31055,49.6
31057,107.7
31059,0.1
31067,41.1
31069,89.5
31071,165.4
31079,64.3
31081,52.6
31083,80.4
31089,11.6
31093,55.0
31095,105.9
31097,45.3
31099,44.7
31101,93.2
31107,29.0
31109,50.3
31111,81.3
31119,79.4
31121,77.6
31123,57.7
31125,39.2
31127,82.4
31129,42.8
31131,70.5
31133,50.9
31135,76.4
31137,104.8
31139,25.2
31141,60.3
31143,23.0
31145,103.7
31147,37.8
31151,48.7
31153,40.0
31155,19.8
31157,75.5
31159,47.1
31173,0.0
31177,42.8
31179,43.2
31181,0.0
31185,86.7
33001,49.6
33003,56.1
33005,45.2
33007,50.5
33009,48.2
33011,38.7
33013,52.1
33015,47.3
33017,55.2
33019,38.4
34001,54.3
34003,32.0
34005,51.1
34007,61.5
34009,64.7
34011,68.7
34013,29.3
34015,58.3
34017,28.0
34019,32.1
34021,42.4
34023,32.6
34025,41.0
34027,30.4
34029,48.0
34031,32.5
34033,50.0
34035,26.9
34037,42.7
34039,29.7
34041,51.1
35001,51.0
35005,62.5
35006,30.6
35007,53.1
35009,47.0
35011,0.1
35013,36.9
35015,70.8
35017,54.2
35019,0.1
35025,65.3
35027,66.5
35028,56.3
35029,59.0
35031,18.9
35035,43.7
35037,67.1
35039,68.0
35041,17.1
35045,45.5
35047,49.4
35043,42.0
35049,62.5
35051,68.5
35053,57.5
35055,61.0
35057,17.3
35059,39.5
35061,61.0
32510,91.8
32001,77.7
32003,53.2
32005,82.6
32007,41.8
32013,44.6
32017,67.1
32019,63.9
32021,64.7
32023,90.5
32027,24.3
32031,56.9
32033,71.7
36001,37.7
36003,47.3
36005,23.1
36007,55.7
36009,57.6
36011,41.4
36013,54.4
36015,67.0
36017,43.2
36019,66.5
36021,49.9
36023,50.0
36025,44.9
36027,46.6
36029,53.2
36031,40.8
36033,57.1
36035,57.4
36037,43.6
36039,53.8
36043,38.4
36045,50.9
36047,18.2
36049,30.4
36051,41.0
36053,48.8
36055,37.8
36057,68.2
36059,32.3
36061,29.8
36063,58.1
36065,47.8
36067,46.9
36069,40.3
36071,44.7
36073,42.4
36075,48.7
36077,50.7
36079,34.4
36081,18.6
36083,47.6
36085,35.8
36087,28.1
36089,59.6
36091,39.1
36093,43.4
36095,45.6
36097,51.6
36099,40.1
36101,55.2
36103,41.9
36105,59.0
36107,32.5
36109,43.3
36111,53.2
36113,74.1
36115,53.6
36117,42.4
36119,28.3
36121,43.3
36123,26.2
39001,69.0
39003,66.0
39005,30.2
39007,49.5
39009,58.1
39011,35.8
39013,63.0
39015,67.5
39017,54.9
39019,30.2
39021,55.7
39023,76.3
39025,62.6
39027,75.1
39029,57.2
39031,54.7
39033,67.1
39035,39.1
39037,39.1
39039,60.2
39041,41.6
39043,60.2
39045,54.6
39047,73.0
39049,50.1
39051,56.3
39053,54.2
39055,39.9
39057,51.3
39059,72.4
39061,52.6
39063,46.6
39065,51.2
39067,49.2
39069,41.6
39071,79.6
39073,67.3
39075,17.0
39077,68.9
39079,89.2
39081,80.1
39083,37.0
39085,51.5
39087,62.8
39089,47.9
39091,62.1
39093,50.1
39095,73.6
39097,56.6
39099,67.9
39101,83.0
39103,42.4
39105,41.9
39107,36.7
39109,47.7
39111,29.2
39113,63.2
39115,32.0
39117,40.0
39119,71.1
39121,15.9
39123,51.4
39125,24.1
39127,59.4
39129,51.5
39131,75.1
39133,43.1
39135,48.4
39137,29.1
39139,51.6
39141,65.6
39143,56.4
39145,78.8
39147,51.5
39149,53.1
39151,65.4
39153,51.8
39155,72.3
39157,53.1
39159,51.4
39161,47.6
39163,17.7
39165,47.3
39167,88.6
39169,40.7
39171,37.9
39173,38.0
39175,35.1
40001,58.0
40005,26.7
40009,86.4
40011,0.0
40013,109.6
40015,47.6
40017,74.1
40019,141.1
40021,97.2
40023,24.2
40025,33.3
40027,69.0
40029,70.7
40031,70.9
40035,83.9
40037,87.1
40039,85.5
40041,69.6
40043,8.3
40045,0.0
40047,87.2
40049,40.6
40051,50.0
40053,21.7
40055,15.8
40057,174.2
40061,87.6
40063,20.7
40065,91.3
40069,0.0
40071,76.4
40073,108.4
40075,29.9
40077,65.3
40079,71.0
40081,19.2
40083,32.6
40085,69.4
40093,41.3
40095,61.9
40097,75.2
40087,109.9
40089,57.0
40091,54.4
40099,121.7
40101,112.0
40103,0.0
40105,46.3
40107,0.0
40109,84.6
40111,74.1
40113,8.6
40115,73.4
40117,77.7
40119,76.7
40121,126.8
40123,102.3
40125,117.8
40127,38.4
40131,82.8
40133,61.4
40135,31.7
40137,127.8
40139,29.1
40141,95.8
40143,98.1
40145,49.4
40147,93.5
40151,20.9
40153,89.3
41001,94.6
41003,31.2
41005,56.8
41007,79.4
41009,55.9
41011,99.3
41013,73.7
41015,125.2
41017,67.4
41019,78.5
41021,70.7
41023,60.4
41025,79.9
41027,70.4
41029,85.7
41031,43.7
41033,94.8
41035,56.2
41037,67.1
41039,74.7
41041,82.6
41043,77.6
41045,118.5
41047,49.1
41049,28.9
41051,36.5
41053,42.3
41057,83.8
41059,64.8
41061,85.6
41063,70.9
41065,106.8
41067,38.5
41071,51.7
42001,32.2
42003,50.2
42005,63.6
42007,55.3
42009,42.9
42011,42.7
42013,75.6
42015,49.4
42017,51.9
42019,51.5
42021,74.2
42023,72.4
42025,50.0
42027,34.6
42029,38.8
42031,54.6
42033,53.2
42035,57.4
42037,62.2
42039,58.1
42041,48.1
42043,44.1
42045,47.9
42047,59.7
42049,58.3
42051,98.9
42053,35.6
42055,48.5
42057,55.7
42059,60.6
42061,43.1
42063,47.2
42065,54.1
42067,42.6
42069,83.7
42071,40.3
42073,65.1
42075,41.4
42077,35.0
42079,61.5
42081,64.7
42083,70.2
42085,77.6
42087,55.9
42089,56.7
42091,43.7
42093,59.0
42095,49.3
42097,67.3
42099,43.1
42101,44.2
42103,38.8
42105,48.9
42107,59.8
42109,48.1
42111,48.9
42113,30.4
42115,42.5
42117,52.6
42119,42.8
42121,58.3
42123,61.6
42125,52.7
42127,52.2
42129,55.8
42131,50.2
42133,43.9
44001,33.2
44003,54.4
44005,43.4
44007,40.0
44009,46.9
45001,47.1
45003,67.0
45005,41.2
45007,76.8
45009,77.9
45011,74.1
45013,54.0
45015,46.7
45017,7.9
45019,56.3
45021,93.0
45023,71.5
45025,68.9
45027,68.7
45029,104.3
45031,127.4
45033,97.0
45035,77.5
45037,46.2
45039,41.8
45041,107.4
45043,66.4
45045,69.3
45047,89.7
45049,80.6
45051,83.3
45053,50.7
45055,67.5
45057,63.7
45059,69.2
45061,37.5
45063,72.4
45067,86.9
45069,91.8
45065,0.0
45071,64.3
45073,94.0
45075,69.7
45077,84.4
45079,50.8
45081,35.2
45083,82.4
45085,61.1
45087,86.9
45089,63.2
45091,52.0
46005,54.1
46009,0.0
46011,34.5
46013,49.7
46015,67.2
46017,109.2
46023,37.0
46025,19.9
46027,40.1
46029,56.2
46033,33.3
46035,66.6
46043,27.3
46045,49.5
46047,75.5
46051,52.2
46053,65.1
46055,105.0
46065,67.1
46067,68.1
46073,93.2
46077,40.0
46079,31.2
46081,60.6
46083,30.9
46085,10.0
46091,29.4
46087,25.9
46089,0.1
46093,10.9
46095,52.1
46097,24.9
46099,50.1
46101,26.5
46103,53.6
46105,46.7
46109,36.4
46115,0.1
46117,0.0
46123,62.9
46125,31.0
46127,76.1
46129,75.3
46135,78.3
47001,109.5
47003,80.8
47005,94.4
47007,68.4
47009,69.1
47011,102.0
47013,145.7
47015,63.1
47017,102.2
47019,88.7
47021,82.9
47023,81.0
47025,148.2
47027,157.6
47029,145.1
47031,138.3
47033,55.2
47035,102.2
47037,60.6
47039,122.2
47041,116.2
47043,97.7
47045,160.0
47047,57.7
47049,123.4
47051,92.3
47053,119.1
47055,99.8
47057,71.4
47059,96.3
47061,155.4
47063,122.9
47065,94.5
47067,104.9
47069,89.3
47071,130.3
47073,70.6
47075,63.0
47077,102.0
47079,141.7
47081,54.1
47083,110.4
47085,96.0
47087,36.7
47089,90.0
47091,76.9
47093,73.1
47095,64.5
47097,98.4
47099,111.2
47101,116.7
47103,84.9
47105,75.4
47111,87.6
47113,99.5
47115,70.5
47117,99.6
47119,97.5
47107,113.6
47109,124.6
47121,35.0
47123,122.5
47125,68.5
47127,6.2
47129,59.3
47131,94.1
47133,90.6
47135,85.9
47137,89.1
47139,102.4
47141,108.6
47143,122.7
47145,106.5
47147,103.8
47149,70.8
47151,123.8
47153,125.1
47155,85.8
47157,54.7
47159,95.4
47161,49.3
47163,125.1
47165,70.2
47167,86.7
47169,111.3
47171,120.0
47173,61.2
47175,0.1
47177,117.9
47179,84.1
47181,117.1
47183,105.9
47185,101.4
47187,44.4
47189,69.3
48001,54.3
48003,48.7
48005,80.7
48007,74.8
48013,76.4
48015,45.1
48017,65.5
48019,34.7
48021,63.1
48023,60.1
48025,58.1
48027,42.6
48029,44.1
48031,13.7
48035,34.3
48037,101.2
48039,52.9
48041,42.2
48043,64.1
48047,52.8
48049,110.3
48051,45.4
48053,71.0
48055,38.2
48057,88.8
48059,19.7
48061,22.6
48063,52.9
48065,0.1
48067,69.4
48071,29.8
48073,58.5
48075,129.0
48083,62.7
48085,45.4
48089,39.5
48091,62.0
48093,67.9
48097,76.3
48099,54.1
48103,66.9
48105,41.8
48107,0.0
48111,56.4
48113,40.3
48115,53.2
48123,42.9
48117,31.0
48121,47.9
48127,74.3
48129,0.1
48131,4.2
48133,70.3
48135,61.6
48141,30.6
48139,58.4
48143,62.0
48145,50.1
48147,49.8
48149,56.0
48151,0.1
48155,30.9
48157,32.1
48159,59.7
48161,30.9
48163,35.9
48165,39.7
48167,64.6
48171,68.8
48175,18.1
48177,47.8
48179,87.7
48181,85.5
48183,120.6
48185,20.8
48187,41.9
48189,56.0
48193,41.1
48197,79.4
48199,86.3
48201,37.9
48203,60.3
48209,46.1
48213,69.2
48215,22.7
48217,54.3
48219,67.6
48221,99.8
48223,77.0
48225,40.9
48227,59.5
48231,73.2
48233,67.4
48237,0.0
48239,18.7
48241,49.7
48245,71.0
48247,19.2
48249,72.4
48251,76.1
48253,24.8
48255,43.6
48257,65.5
48259,53.4
48265,74.8
48267,50.4
48271,18.3
48273,56.7
48277,129.5
48279,0.0
48281,51.6
48285,46.4
48287,39.7
48289,36.1
48291,76.2
48293,90.2
48297,10.3
48299,52.9
48303,70.1
48305,0.0
48313,63.0
48315,0.0
48317,33.8
48319,41.7
48321,60.6
48323,25.1
48307,38.3
48309,63.2
48325,36.4
48329,47.1
48331,54.8
48335,46.3
48337,68.5
48339,50.6
48341,51.8
48343,73.9
48347,73.2
48349,61.2
48351,20.5
48353,65.7
48355,64.0
48357,48.9
48361,88.6
48363,86.8
48365,72.1
48367,57.9
48369,0.0
48371,33.5
48373,84.3
48375,65.1
48377,6.3
48379,54.3
48381,62.7
48383,21.0
48387,55.1
48389,54.6
48391,0.0
48395,21.7
48397,63.3
48399,58.5
48401,43.2
48403,33.9
48405,65.8
48407,20.0
48409,71.5
48411,0.6
48415,73.0
48419,58.4
48423,73.2
48425,0.0
48427,29.3
48429,83.1
48435,0.1
48439,53.7
48441,89.0
48445,69.0
48449,69.7
48451,66.3
48453,39.5
48455,43.4
48457,48.6
48459,17.0
48461,0.1
48463,63.1
48465,32.5
48467,64.3
48469,84.5
48471,55.0
48473,9.8
48475,46.3
48477,65.1
48479,21.3
48481,57.1
48483,20.0
48485,89.6
48487,122.0
48489,31.8
48491,50.5
48493,50.7
48495,44.1
48497,57.1
48499,81.1
48501,0.1
48503,88.9
48505,17.7
48507,0.0
49001,75.7
49003,66.6
49005,44.6
49007,147.2
49011,57.0
49013,56.9
49015,78.3
49017,70.2
49019,73.3
49021,81.2
49023,71.3
49025,93.2
49027,55.6
49029,32.8
49033,28.1
49035,55.6
49037,14.2
49039,78.0
49041,99.8
49043,44.6
49045,52.8
49047,51.4
49049,47.4
49051,51.2
49053,72.8
49057,69.8
51001,33.9
51003,40.3
51510,24.1
51005,66.3
51007,29.8
51009,56.8
51011,86.0
51013,18.1
51015,11.9
51019,32.8
51021,42.9
51023,31.5
51520,148.2
51025,12.6
51027,113.6
51029,0.0
51530,78.8
51031,28.2
51033,28.7
51035,33.0
51037,26.2
51540,35.3
51550,48.1
51041,45.6
51043,24.0
51570,145.5
51580,177.8
51045,0.0
51047,46.5
51049,18.2
51590,134.4
51051,131.5
51053,0.7
51595,183.4
51057,69.2
51059,21.8
51600,62.4
51610,42.6
51061,51.1
51063,27.7
51065,24.4
51067,59.6
51620,204.6
51069,43.9
51630,106.0
51640,301.3
51071,84.9
51073,71.9
51075,1.3
51077,17.3
51079,54.2
51083,57.5
51650,49.7
51085,57.9
51660,87.7
51087,46.1
51089,54.2
51670,136.4
51093,56.4
51095,69.7
51099,39.8
51101,22.8
51103,98.7
51105,112.5
51678,191.3
51107,27.2
51109,35.3
51111,0.0
51680,79.1
51683,79.1
51690,293.5
51115,45.9
51117,69.2
51119,0.1
51121,46.1
51125,14.4
51127,35.7
51700,40.7
51710,43.9
51131,92.4
51133,19.0
51720,311.3
51135,52.4
51137,61.8
51139,68.5
51141,48.1
51730,104.9
51143,13.7
51735,62.6
51740,69.8
51145,37.9
51147,72.2
51153,28.3
51155,97.3
51750,70.5
51159,29.5
51760,32.1
51161,67.3
51770,70.6
51163,2.8
51165,21.2
51167,90.5
51775,156.7
51169,123.2
51171,42.2
51173,83.9
51177,48.0
51179,36.4
51790,120.9
51800,64.2
51183,10.2
51185,132.2
51810,45.3
51187,65.0
51191,74.4
51820,138.0
51193,29.8
51840,123.4
51195,140.9
51197,78.8
51199,35.2
50001,36.8
50003,52.4
50005,45.1
50007,35.2
50011,68.8
50013,12.9
50015,50.7
50017,24.9
50019,53.8
50021,52.2
50023,44.8
50025,50.5
50027,25.7
53001,21.7
53003,122.9
53005,73.8
53007,61.5
53009,83.4
53011,46.7
53013,97.7
53015,65.4
53017,52.3
53019,55.9
53021,46.4
53023,100.1
53025,55.6
53027,79.0
53029,36.2
53031,70.0
53033,35.8
53035,48.4
53037,37.7
53039,22.0
53041,70.1
53043,68.1
53045,66.8
53047,52.4
53049,25.5
53051,87.4
53053,49.8
53055,52.2
53057,66.0
53059,0.0
53061,51.7
53063,68.5
53065,63.1
53067,47.6
53071,62.7
53073,55.5
53075,41.2
53077,50.3
55001,29.5
55003,71.8
55005,54.8
55009,49.0
55011,0.0
55013,58.8
55015,16.8
55017,43.8
55019,25.3
55021,69.4
55023,58.9
55025,37.9
55027,33.7
55029,52.7
55031,42.0
55033,29.2
55035,43.4
55039,43.0
55041,38.5
55043,37.5
55045,43.1
55047,46.6
55049,35.4
55051,70.1
55053,17.3
55055,47.8
55057,82.3
55059,47.3
55061,14.7
55063,50.2
55065,4.8
55067,72.0
55069,56.8
55071,46.9
55073,39.2
55075,60.3
55077,22.8
55079,53.4
55081,51.3
55083,25.1
55085,61.9
55087,45.6
55089,46.5
55091,46.8
55093,24.5
55095,49.5
55097,40.5
55099,47.4
55101,54.9
55103,34.7
55105,55.9
55107,23.2
55109,28.4
55111,49.4
55113,72.9
55115,34.2
55117,43.9
55119,14.4
55121,10.2
55123,34.2
55125,42.3
55127,45.4
55129,22.5
55131,48.2
55133,51.1
55135,63.4
55137,25.4
55139,44.6
55141,52.5
54001,48.3
54003,72.7
54005,105.0
54007,70.3
54009,65.6
54011,92.1
54013,31.3
54015,45.2
54017,23.1
54019,53.7
54021,41.8
54023,67.3
54025,77.7
54027,53.7
54029,111.1
54031,62.5
54033,79.9
54035,57.7
54037,64.0
54039,79.0
54041,66.7
54043,33.9
54045,146.4
54049,59.7
54051,91.2
54053,57.3
54047,73.2
54055,85.5
54057,69.5
54059,48.7
54061,38.0
54063,18.3
54065,61.7
54067,106.6
54069,55.6
54071,42.7
54073,80.3
54075,46.4
54077,51.1
54079,66.6
54081,66.3
54083,75.3
54085,50.6
54087,73.9
54089,79.6
54091,51.6
54093,42.4
54095,38.2
54097,43.5
54099,60.3
54101,49.0
54103,66.3
54105,33.3
54107,76.4
54109,88.9
56001,37.5
56003,46.8
56005,56.0
56007,50.2
56009,58.0
56013,59.2
56015,29.5
56017,97.1
56019,55.2
56021,56.0
56023,58.5
56025,64.6
56027,0.0
56029,72.8
56031,51.6
56033,37.2
56035,55.8
56037,79.2
56039,42.6
56041,95.9
56043,75.0
56045,35.2
