,FIPS,State,County,Severe COVID Case Complications,covid_cases,% Adults 65 and Older,% Diagnosed Diabetes,%  Adults with Obesity,Heart Disease Death Rate,Hypertension Death Rate,COPD Mortality Rate,% Smokers
0,01003,Alabama,Baldwin,46.09411764705883,6995,20.978,8.2,30.1,362.6,143.4,45.27,17.489032597
1,01043,Alabama,Cullman,75.76470588235293,2915,18.784000000000002,13.3,35.6,507.6,211.3,81.58,17.901071221
2,01055,Alabama,Etowah,77.4,4578,19.357,14.8,35.9,531.9,192.2,88.44,20.147398601
3,01073,Alabama,Jefferson,55.68823529411765,24754,16.297,11.5,34.4,369.8,155.4,48.44,17.622045263
4,01089,Alabama,Madison,59.332352941176474,9893,15.322000000000001,11.9,33.5,385.9,208.3,53.14,16.820172701
5,01097,Alabama,Mobile,71.11470588235294,17406,16.636,13.3,38.0,446.3,203.4,54.82,19.369969149
6,01103,Alabama,Morgan,67.48235294117647,4594,17.832,10.4,35.2,470.3,197.0,69.29,18.855706149
7,01115,Alabama,St. Clair,67.05294117647057,3298,16.85,12.8,36.6,435.3,138.5,82.78,18.335301284
8,01117,Alabama,Shelby,41.54411764705883,7870,15.95,9.4,37.5,299.9,88.9,45.7,15.561157468
9,01125,Alabama,Tuscaloosa,60.57058823529411,10844,13.751,12.1,36.1,449.2,157.8,60.06,17.872632402
10,02020,Alaska,Anchorage,20.988235294117647,8871,11.720999999999998,8.6,30.1,243.3,151.5,37.62,15.041432025999999
11,02122,Alaska,Kenai Peninsula,35.623529411764714,1149,18.354,8.1,32.9,284.2,156.1,42.92,17.338153075
12,02170,Alaska,Matanuska-Susitna,27.511764705882353,1621,12.699000000000002,8.6,34.3,228.3,137.6,44.95,17.50057946
13,04003,Arizona,Cochise,43.441176470588225,2260,23.124000000000002,8.3,31.4,305.0,192.5,42.9,14.99584566
14,04005,Arizona,Coconino,21.476470588235294,5470,13.007,7.8,24.5,245.7,219.2,37.07,15.990186028
15,04013,Arizona,Maricopa,32.78235294117647,161154,15.524000000000001,8.0,27.0,259.1,246.3,44.59,13.686398250999998
16,04015,Arizona,Mohave,71.02352941176471,4538,31.063000000000002,10.2,31.3,436.5,224.5,65.04,19.352843037
17,04019,Arizona,Pima,34.63823529411765,29141,20.296,7.6,25.7,268.2,202.1,42.59,14.916461188
18,04021,Arizona,Pinal,52.96176470588235,12312,20.866,11.9,35.0,235.0,197.3,43.62,16.274473498
19,04025,Arizona,Yavapai,43.90588235294118,3121,32.513000000000005,7.6,24.7,272.0,259.6,49.76,17.065330070999998
20,05007,Arkansas,Benton,47.558823529411775,8747,13.578,9.1,31.0,328.2,309.0,46.55,16.513156719
21,05051,Arkansas,Garland,72.26470588235293,2666,24.293000000000003,13.7,29.1,447.4,209.4,68.45,19.415844716
22,05119,Arkansas,Pulaski,67.49411764705883,12591,16.081,11.2,33.9,377.8,412.0,47.26,18.180889407000002
23,05131,Arkansas,Sebastian,77.16470588235293,5166,16.418,13.3,34.8,400.1,352.7,64.56,21.649019947
24,06001,California,Alameda,18.235294117647058,24183,14.286,6.7,22.0,218.0,227.2,28.57,9.7327103382
25,06007,California,Butte,58.66470588235293,3198,18.352999999999998,9.3,30.3,342.0,379.8,56.24,13.768327267
26,06013,California,Contra Costa,22.020588235294124,19339,16.272000000000002,7.5,24.9,213.0,208.7,32.77,9.9405871282
27,06019,California,Fresno,46.173529411764704,32022,12.555,9.6,33.0,326.0,294.0,38.33,13.358907815999999
28,06023,California,Humboldt,46.14117647058824,586,18.582,8.8,24.8,321.7,246.4,61.22,14.468508365
29,06025,California,Imperial,35.57058823529412,13260,13.32,8.9,32.8,266.8,277.4,24.28,12.840010729000001
30,06029,California,Kern,59.264705882352935,34676,11.237,9.9,31.1,379.3,351.3,64.68,15.31417715
31,06033,California,Lake,49.75294117647059,728,23.061999999999998,7.9,22.7,316.9,266.8,72.76,14.401200944000001
32,06037,California,Los Angeles,26.482352941176465,311745,14.082,8.4,21.8,290.2,231.7,29.29,10.847678109
33,06045,California,Mendocino,47.70588235294117,1188,23.084,8.4,30.5,285.8,253.1,50.54,12.905413824000002
34,06047,California,Merced,56.417647058823526,9819,11.392999999999999,13.0,33.4,323.2,457.6,44.92,14.129606461
35,06059,California,Orange,17.67058823529412,62589,15.29,7.8,19.4,254.4,171.3,29.2,9.311197445
36,06065,California,Riverside,45.17058823529411,69407,14.812000000000001,9.0,28.3,336.2,291.1,44.25,12.499944322000001
37,06067,California,Sacramento,40.17647058823529,26883,14.489,8.8,29.7,294.2,306.2,41.44,11.550028552
38,06071,California,San Bernardino,55.776470588235284,65997,11.95,10.3,30.6,359.8,363.6,55.53,12.628276552
39,06073,California,San Diego,23.35294117647059,57765,14.512,7.3,20.1,251.3,264.1,32.06,10.753175291
40,06075,California,San Francisco,13.064705882352946,12557,16.082,6.0,17.0,212.9,170.8,20.42,10.326062381
41,06077,California,San Joaquin,50.864705882352936,22365,13.092,9.8,35.3,308.0,288.6,49.84,11.706166224
42,06079,California,San Luis Obispo,29.53529411764705,4380,20.858,7.7,28.5,240.8,178.3,36.81,10.783296935
43,06081,California,San Mateo,16.176470588235293,11479,16.551,7.1,22.6,211.3,169.6,24.26,8.6133573373
44,06083,California,Santa Barbara,22.588235294117645,10016,15.706,7.5,24.1,254.1,224.9,28.51,11.377310554000001
45,06085,California,Santa Clara,22.44117647058824,25421,13.912,8.1,19.7,193.9,275.7,23.18,8.2690140125
46,06087,California,Santa Cruz,20.923529411764708,2974,17.282,5.5,19.0,215.1,238.9,32.74,11.440834335
47,06089,California,Shasta,65.59411764705882,2284,21.14,10.5,26.4,378.7,292.8,74.94,13.963535044
48,06095,California,Solano,36.30588235294117,7854,16.342,8.3,29.0,239.9,302.3,42.21,11.705074337000001
49,06097,California,Sonoma,27.364705882352943,9953,20.699,6.8,23.7,249.8,199.7,35.45,10.07567654
50,06099,California,Stanislaus,53.1,18915,13.424000000000001,9.7,31.4,361.0,362.3,47.22,12.789751068
51,06111,California,Ventura,28.423529411764704,14767,16.159000000000002,7.7,19.9,255.4,300.5,32.15,10.561021793
52,08001,Colorado,Adams,28.99117647058824,16234,10.732000000000001,7.6,28.5,257.6,224.6,50.29,16.324605425
53,08005,Colorado,Arapahoe,24.55,14502,13.48,6.8,22.5,223.5,239.8,50.29,13.263552470999999
54,08013,Colorado,Boulder,15.179411764705879,6225,14.825,5.2,14.2,200.0,148.3,50.29,11.318441782
55,08031,Colorado,Denver,28.085294117647056,20742,11.940999999999999,5.6,17.7,261.9,307.2,50.29,14.664503350999999
56,08041,Colorado,El Paso,29.82058823529412,12335,13.212,6.4,22.8,267.5,292.6,51.03,14.264909913
57,08059,Colorado,Jefferson,27.220588235294123,10018,16.949,5.4,20.8,261.1,214.9,50.29,12.320125467
58,08069,Colorado,Larimer,16.26470588235294,4716,16.188,5.0,20.8,220.6,186.4,37.65,12.667672587
59,08077,Colorado,Mesa,44.37647058823529,1903,19.692999999999998,7.4,25.7,324.7,214.9,64.59,15.635450965
60,08101,Colorado,Pueblo,50.92941176470589,2635,18.96,8.5,31.0,239.4,287.8,71.61,16.428117379
61,08123,Colorado,Weld,25.661764705882355,7017,12.435,7.4,29.0,239.3,210.0,50.29,13.748363782
62,09001,Connecticut,Fairfield,15.382352941176471,25365,16.32,6.2,20.8,259.9,145.1,27.63,10.157896011
63,09003,Connecticut,Hartford,28.92352941176471,19043,17.438,8.9,27.0,279.0,155.3,36.65,11.356248015999999
64,09005,Connecticut,Litchfield,28.970588235294123,2430,21.989,5.9,26.5,288.8,147.1,43.59,12.063141174
65,09007,Connecticut,Middlesex,25.788235294117648,2129,20.976999999999997,6.8,26.3,277.0,153.3,36.48,11.316440612000001
66,09009,Connecticut,New Haven,32.2,18244,17.855999999999998,8.9,28.4,284.4,166.4,37.55,12.843951967
67,09011,Connecticut,New London,34.51176470588236,4041,18.791,8.4,30.5,267.8,156.4,48.26,12.350839725
68,09013,Connecticut,Tolland,19.77058823529412,1849,16.302,6.9,26.1,290.6,143.9,38.12,10.543489991
69,09015,Connecticut,Windham,47.41176470588235,1557,17.154,9.4,30.6,328.7,217.7,55.34,14.356951843
70,10001,Delaware,Kent,67.83529411764705,3629,17.492,12.2,38.2,345.7,246.7,53.21,16.823759502999998
71,10003,Delaware,New Castle,32.276470588235284,13451,16.1,9.4,29.9,287.9,144.9,41.01,15.242558127999999
72,10005,Delaware,Sussex,57.235294117647065,8255,28.741999999999997,9.5,33.6,330.7,214.7,42.0,16.085001169
73,11001,District of Columbia,District of Columbia,41.876470588235286,17524,12.376,8.9,24.6,380.3,346.1,22.5,15.965592149
74,12001,Florida,Alachua,30.788235294117648,10842,14.597000000000001,9.6,27.4,243.5,199.8,43.02,16.380852085999997
75,12005,Florida,Bay,67.17647058823529,6979,18.623,10.5,30.0,370.1,268.2,70.89,22.708204482
76,12009,Florida,Brevard,54.29411764705881,12034,24.214000000000002,10.1,29.1,319.4,205.5,50.08,16.866412293
77,12011,Florida,Broward,23.35,87959,17.134,7.9,24.5,272.5,129.2,34.55,14.593792550999998
78,12017,Florida,Citrus,66.86470588235295,3344,36.709,8.8,29.8,400.6,247.5,68.02,19.587156047
79,12019,Florida,Clay,53.417647058823526,6291,16.348,10.4,32.8,280.1,231.6,63.06,19.886004808
80,12021,Florida,Collier,23.523529411764702,14839,32.919000000000004,6.5,23.0,172.9,129.5,24.46,14.441909850999998
81,12023,Florida,Columbia,83.7,4327,19.262999999999998,12.8,36.8,365.8,448.9,79.39,23.294815311999997
82,12031,Florida,Duval,60.10588235294117,35956,14.470999999999998,12.3,31.6,320.0,341.2,50.26,19.790158358
83,12033,Florida,Escambia,60.53529411764707,13804,17.144000000000002,11.7,29.4,347.8,227.0,59.95,20.245830172
84,12035,Florida,Flagler,37.04705882352942,2205,31.191999999999997,8.8,26.9,277.3,176.2,35.29,17.427531782
85,12053,Florida,Hernando,73.13529411764705,3846,27.51,11.5,32.4,331.9,320.0,57.72,19.215223075
86,12055,Florida,Highlands,55.976470588235294,2758,36.047,10.6,31.6,286.2,195.1,55.45,18.734961392
87,12057,Florida,Hillsborough,43.852941176470594,49150,14.540999999999999,9.9,26.0,315.2,258.4,46.59,17.455544372000002
88,12061,Florida,Indian River,28.573529411764703,3980,33.849000000000004,7.6,27.1,252.3,110.9,34.55,15.487215590999998
89,12069,Florida,Lake,50.75294117647059,8851,27.072,9.9,32.3,292.0,199.6,39.64,16.845825454
90,12071,Florida,Lee,31.517647058823535,23979,29.151,7.9,25.2,219.9,179.4,34.34,14.343887724000002
91,12073,Florida,Leon,33.6,12550,13.892999999999999,8.4,31.3,274.1,226.0,38.13,17.327578634
92,12081,Florida,Manatee,36.20588235294118,13753,28.061,8.1,26.7,254.6,204.2,34.11,15.218624112
93,12083,Florida,Marion,76.91764705882352,11048,29.18,12.0,33.0,390.3,295.5,50.76,18.665004178
94,12085,Florida,Martin,25.37058823529412,5455,31.528000000000002,7.3,20.2,234.4,114.8,40.21,14.321281404
95,12086,Florida,Miami-Dade,24.288235294117648,188635,16.659000000000002,6.8,22.0,285.4,192.4,27.8,16.479410011
96,12087,Florida,Monroe,25.520588235294124,2401,23.748,5.4,21.1,276.6,151.8,32.93,17.172898463
97,12089,Florida,Nassau,51.164705882352955,2517,22.828000000000003,8.3,29.7,307.1,209.5,60.92,19.388869012
98,12091,Florida,Okaloosa,46.17647058823529,6656,16.312,10.5,27.2,296.5,200.7,63.5,18.468031092
99,12095,Florida,Orange,32.776470588235284,47345,12.312000000000001,8.9,27.0,285.2,258.1,38.27,15.599881132
100,12097,Florida,Osceola,46.89411764705883,14564,13.515,11.6,31.4,319.2,210.6,45.95,17.791410063
101,12099,Florida,Palm Beach,29.029411764705877,53509,24.355,8.6,22.2,241.9,116.0,28.08,15.916105958
102,12101,Florida,Pasco,57.56176470588233,11242,22.647,10.1,31.6,296.9,200.1,59.59,18.629613172
103,12103,Florida,Pinellas,36.58235294117647,26477,25.398000000000003,7.6,26.5,275.0,172.3,42.48,16.411541985
104,12105,Florida,Polk,64.78235294117647,23525,20.442999999999998,11.2,36.6,308.0,230.9,48.67,19.135508961
105,12107,Florida,Putnam,83.53529411764707,2426,23.718000000000004,14.6,38.9,327.8,304.1,78.65,23.620471789
106,12109,Florida,St. Johns,25.0,6782,20.65,6.3,22.9,225.6,156.4,42.31,15.059046719000001
107,12111,Florida,St. Lucie,48.57058823529411,9265,24.651,9.6,31.1,267.5,197.7,46.57,18.069282607
108,12113,Florida,Santa Rosa,55.547058823529426,6073,16.342,10.2,30.8,318.9,244.1,65.57,19.218047737
109,12115,Florida,Sarasota,26.335294117647056,10024,37.336999999999996,6.1,21.4,207.1,181.7,30.19,15.030472177
110,12117,Florida,Seminole,37.547058823529404,10576,15.981,9.1,26.1,270.8,272.1,42.73,15.642006468
111,12119,Florida,Sumter,42.50588235294117,2991,58.174,10.3,31.9,262.4,175.7,25.85,12.204715405999998
112,12127,Florida,Volusia,66.2529411764706,13186,24.908,10.0,32.6,344.6,231.2,56.84,18.360185779000002
113,13013,Georgia,Barrow,59.68235294117646,2862,12.739,13.5,38.5,301.9,217.4,86.28,17.083548591
114,13015,Georgia,Bartow,53.62647058823529,4066,14.423,8.3,29.2,399.6,265.6,70.57,19.176366416
115,13051,Georgia,Chatham,53.72941176470589,9690,15.96,10.4,29.7,355.7,270.8,46.75,17.080114225
116,13057,Georgia,Cherokee,36.99411764705882,8133,14.524000000000001,9.8,28.0,301.1,198.1,49.51,14.563460128
117,13063,Georgia,Clayton,61.47941176470589,9025,9.638,12.4,36.6,360.6,277.0,48.34,18.628809924000002
118,13067,Georgia,Cobb,27.794117647058822,24685,12.707,8.5,27.6,266.1,231.5,39.14,12.634027364000001
119,13077,Georgia,Coweta,57.34705882352942,4013,14.267999999999999,12.3,30.6,341.4,271.8,59.61,15.778011612
120,13089,Georgia,DeKalb,29.823529411764703,22914,12.897,10.7,26.9,247.8,211.1,29.44,15.818432089000002
121,13097,Georgia,Douglas,56.54411764705882,4626,11.867,10.5,33.2,370.9,277.6,53.64,16.639961064
122,13115,Georgia,Floyd,65.9235294117647,4414,17.035,12.9,34.2,481.8,193.7,57.62,17.005829908
123,13117,Georgia,Forsyth,15.288235294117651,5329,12.359000000000002,6.8,26.1,257.0,136.0,44.57,12.546139504000001
124,13121,Georgia,Fulton,26.200000000000006,34155,12.009,8.2,24.7,275.4,246.7,32.83,14.925509463
125,13135,Georgia,Gwinnett,33.911764705882355,33471,10.46,10.3,31.8,247.4,204.4,41.13,14.495134254000002
126,13139,Georgia,Hall,38.770588235294106,11111,15.402000000000001,10.4,31.9,274.2,116.1,53.47,15.636843143
127,13151,Georgia,Henry,57.61764705882353,7100,11.945,11.5,34.2,331.8,270.1,59.06,15.813825044000001
128,13215,Georgia,Muscogee,78.32352941176471,6629,13.73,14.3,37.8,502.7,528.4,59.25,20.058142913
129,13223,Georgia,Paulding,55.81176470588236,3838,10.902999999999999,9.2,36.7,343.4,296.0,57.49,15.505948313
130,13245,Georgia,Richmond,74.91764705882355,8561,14.499,13.0,36.2,436.7,393.8,55.88,19.904427644000002
131,13297,Georgia,Walton,55.69411764705882,2703,15.718,9.6,32.3,400.8,203.3,64.79,17.28746189
132,15001,Hawaii,Hawaii,33.529411764705884,1322,21.855,9.3,26.6,279.7,180.4,24.94,14.327655670999999
133,15003,Hawaii,Honolulu,29.070588235294114,13401,18.230999999999998,10.3,24.7,245.4,170.8,19.28,10.999521277000001
134,15009,Hawaii,Maui,31.294117647058826,651,18.964000000000002,8.9,24.9,222.8,260.7,23.89,12.343433835
135,16001,Idaho,Ada,23.95,17897,14.942,7.0,24.8,288.3,170.4,45.7,11.990700664
136,16027,Idaho,Canyon,54.147058823529406,10644,14.015,9.7,34.4,349.8,247.7,54.08,14.129309587
137,16055,Idaho,Kootenai,44.64411764705883,4679,19.429000000000002,7.4,25.8,306.0,308.9,48.92,14.219169868
138,17007,Illinois,Boone,38.911764705882355,2232,16.14,7.8,33.0,308.1,195.8,51.15,15.135819484
139,17019,Illinois,Champaign,32.00588235294118,6999,13.270999999999999,9.9,30.7,261.9,184.8,43.22,15.765181249000001
140,17031,Illinois,Cook,32.358823529411765,198184,15.072000000000001,8.9,27.4,326.0,183.9,33.2,13.776183162
141,17037,Illinois,DeKalb,26.94117647058824,2978,12.919,6.8,32.8,291.0,175.9,41.67,15.89541067
142,17043,Illinois,DuPage,16.282352941176473,26512,16.144000000000002,6.4,26.0,245.4,114.5,33.72,12.257496254000001
143,17063,Illinois,Grundy,42.82058823529412,1175,14.573,8.9,31.4,315.1,268.0,48.87,14.514442127999999
144,17077,Illinois,Jackson,31.532352941176477,1698,16.282,8.3,24.6,331.2,116.2,48.87,18.822572359000002
145,17089,Illinois,Kane,22.088235294117645,19337,14.264000000000001,9.2,27.8,252.1,127.4,35.53,13.14262051
146,17091,Illinois,Kankakee,64.85,3997,17.323,11.7,38.1,395.0,200.6,51.03,16.023435143
147,17097,Illinois,Lake,16.738235294117644,23177,14.815999999999999,7.6,24.6,240.4,130.3,36.87,13.759033259
148,17099,Illinois,LaSalle,65.02647058823528,2937,19.355,12.0,32.1,353.7,254.6,53.14,16.065017475999998
149,17111,Illinois,McHenry,35.98823529411764,7841,15.238,7.8,32.6,291.6,196.6,49.96,13.611800059
150,17113,Illinois,McLean,39.982352941176465,4570,13.772,10.1,31.4,319.3,177.4,50.25,14.973773714000002
151,17115,Illinois,Macon,59.78823529411766,3861,20.378,16.8,36.1,328.1,123.6,48.54,16.439218044
152,17119,Illinois,Madison,62.65882352941178,8032,17.62,10.2,35.6,392.7,187.9,60.71,16.476964233
153,17143,Illinois,Peoria,64.64705882352942,5237,17.574,11.2,38.8,326.6,258.5,49.85,16.59556525
154,17163,Illinois,St. Clair,60.87647058823529,9608,16.403,9.0,36.3,376.3,221.7,60.68,17.634094955
155,17167,Illinois,Sangamon,55.08823529411765,4883,18.407,9.0,34.2,327.3,239.3,49.2,16.901595992
156,17179,Illinois,Tazewell,47.57352941176471,3144,19.314,8.2,29.9,338.6,229.7,47.98,15.30132726
157,17183,Illinois,Vermilion,84.01764705882353,2036,19.837,10.9,43.4,403.9,400.8,78.95,17.673739551
158,17197,Illinois,Will,34.47058823529412,21419,13.549000000000001,9.1,33.8,310.4,159.6,37.94,13.070465481
159,17201,Illinois,Winnebago,46.847058823529395,12043,17.984,9.5,29.4,348.3,164.7,49.07,17.029516572000002
160,18003,Indiana,Allen,62.51176470588236,9954,14.918,10.4,34.0,330.4,315.5,58.06,19.774598017
161,18005,Indiana,Bartholomew,56.96470588235293,1671,16.533,10.5,31.6,342.0,221.1,65.26,18.588754061
162,18011,Indiana,Boone,42.8235294117647,1477,13.77,8.5,26.2,375.2,233.8,58.0,16.086571872
163,18019,Indiana,Clark,69.38235294117648,3400,16.159000000000002,9.8,37.8,385.9,269.7,69.54,22.22607816
164,18035,Indiana,Delaware,74.04705882352941,3464,17.459,11.7,33.6,355.0,380.3,74.44,20.964426575
165,18039,Indiana,Elkhart,59.99705882352941,10833,15.125,10.4,33.8,337.6,276.7,53.64,19.885998827999998
166,18041,Indiana,Fayette,89.74705882352941,1094,20.518,13.3,39.3,455.1,536.2,85.4,22.895652478000002
167,18043,Indiana,Floyd,69.34117647058825,2082,16.463,12.2,31.8,347.6,384.1,66.14,21.657641054000003
168,18053,Indiana,Grant,85.12352941176471,1941,19.436,13.6,36.6,427.0,330.3,81.53,21.544696522
169,18057,Indiana,Hamilton,21.188235294117643,7316,12.812999999999999,7.8,25.3,264.4,202.1,39.95,13.307633994000001
170,18059,Indiana,Hancock,53.68529411764707,1426,16.471,9.8,38.2,306.3,213.3,55.56,16.773729434
171,18063,Indiana,Hendricks,54.25882352941176,3792,14.208,11.2,31.3,307.7,311.0,57.51,16.052191977
172,18067,Indiana,Howard,79.38823529411766,1878,19.886,12.7,34.6,407.0,300.0,64.69,21.19177525
173,18071,Indiana,Jackson,64.86470588235294,1354,16.649,11.5,35.8,313.8,269.5,69.43,21.955356139000003
174,18081,Indiana,Johnson,56.32941176470589,3750,14.845,9.1,32.5,341.8,257.7,78.92,18.25089554
175,18089,Indiana,Lake,67.71176470588236,16809,16.93,11.9,38.1,366.1,225.2,50.47,18.647869199000002
176,18091,Indiana,LaPorte,78.93529411764708,2749,18.476,13.5,37.5,414.5,281.8,56.32,22.68348124
177,18095,Indiana,Madison,83.01764705882353,2944,18.675,17.4,39.9,346.6,369.0,65.85,21.638695544
178,18097,Indiana,Marion,63.135294117647064,28446,12.878,11.8,32.8,352.9,268.6,67.96,19.241619979
179,18105,Indiana,Monroe,23.864705882352943,3623,13.550999999999998,7.8,25.5,295.6,151.0,44.13,19.923251541
180,18109,Indiana,Morgan,78.61176470588234,1161,17.309,13.5,38.0,370.0,314.7,82.98,19.478256114
181,18127,Indiana,Porter,48.576470588235296,4323,16.874000000000002,9.8,33.2,315.0,200.1,48.23,18.784419018
182,18141,Indiana,St. Joseph,61.629411764705885,10946,16.172,9.8,34.4,331.8,311.0,53.66,19.041988454000002
183,18157,Indiana,Tippecanoe,37.470588235294116,4691,11.894,9.4,30.1,328.9,133.9,57.35,19.117014050999998
184,18163,Indiana,Vanderburgh,61.69411764705883,6848,17.355,9.7,33.9,326.6,255.9,64.04,21.39977125
185,18177,Indiana,Wayne,85.3,2175,19.54,15.0,35.3,469.9,595.5,62.1,21.255682749
186,19113,Iowa,Linn,43.15588235294119,7054,16.256,8.6,33.3,287.9,202.8,52.98,16.37223578
187,19153,Iowa,Polk,41.32941176470589,21060,13.484000000000002,8.6,33.4,314.6,175.8,58.11,14.989667142
188,19163,Iowa,Scott,51.529411764705884,5422,16.703,10.4,33.7,299.5,208.6,54.74,17.148112040999997
189,20091,Kansas,Johnson,14.505882352941176,16522,15.03,7.2,26.0,227.9,98.9,34.46,10.638545632000001
190,20155,Kansas,Reno,55.470588235294116,2454,20.265,9.7,34.9,287.6,195.1,70.3,15.949059779
191,20173,Kansas,Sedgwick,51.93529411764707,14189,14.927999999999999,10.6,32.7,313.9,202.1,63.84,17.032092796
192,20177,Kansas,Shawnee,60.30588235294119,3981,18.836,9.9,36.9,310.4,209.3,62.82,17.758993667000002
193,21015,Kentucky,Boone,58.75294117647058,2417,14.075999999999999,11.0,36.6,298.7,335.9,55.02,17.654118662000002
194,21019,Kentucky,Boyd,86.0235294117647,767,19.979,13.4,39.8,459.7,340.4,63.51,21.587105317
195,21037,Kentucky,Campbell,57.96176470588236,1476,16.101,9.9,34.5,320.9,310.1,53.0,19.092630559
196,21059,Kentucky,Daviess,50.852941176470594,2164,17.285999999999998,11.7,29.5,364.9,134.1,56.58,17.34145221
197,21067,Kentucky,Fayette,44.129411764705885,11616,13.87,10.6,28.3,281.2,257.0,50.18,19.628755841
198,21071,Kentucky,Floyd,86.59411764705881,520,18.843,15.5,40.6,556.1,286.9,115.51,24.819658083
199,21073,Kentucky,Franklin,66.2,926,18.397000000000002,8.9,38.5,366.9,234.9,69.62,19.083105935
200,21081,Kentucky,Grant,74.15882352941176,299,14.040999999999999,12.4,34.4,444.7,519.0,82.18,23.13007571
201,21089,Kentucky,Greenup,81.91176470588233,701,21.28,12.2,40.3,374.3,283.7,71.0,20.242957151
202,21111,Kentucky,Jefferson,59.96470588235295,25813,16.66,11.1,31.6,337.2,230.9,58.01,19.826956296
203,21117,Kentucky,Kenton,64.4235294117647,3085,14.879000000000001,10.8,35.0,320.1,341.6,65.5,21.00643326
204,21151,Kentucky,Madison,47.970588235294116,2500,14.189,8.1,36.3,377.7,128.6,65.15,18.81744987
205,21173,Kentucky,Montgomery,73.47647058823529,595,16.323,11.4,33.8,469.2,455.6,60.44,23.217335936999998
206,21195,Kentucky,Pike,84.96470588235293,1081,19.430999999999997,15.1,39.8,480.3,254.3,102.72,23.211840361
207,21199,Kentucky,Pulaski,82.11764705882355,1143,18.975,12.7,39.0,429.9,268.9,81.66,24.382525005999998
208,21209,Kentucky,Scott,48.3,1230,12.368,7.3,35.3,472.6,200.8,57.06,18.333509538
209,22005,Louisiana,Ascension,55.45588235294117,4338,12.277000000000001,12.6,35.0,377.4,189.6,51.75,18.155452803
210,22033,Louisiana,East Baton Rouge,51.01176470588234,16467,14.640999999999998,11.9,34.1,408.0,38.6,40.91,18.269947005
211,22051,Louisiana,Jefferson,62.7,18934,17.689,12.0,33.0,347.0,257.9,42.82,18.743669593
212,22063,Louisiana,Livingston,52.00588235294118,4295,13.327,8.5,37.9,400.5,49.4,73.21,21.604316205
213,22071,Louisiana,Orleans,53.17058823529411,13623,15.559000000000001,10.7,30.5,360.4,271.8,30.8,22.609624129
214,22079,Louisiana,Rapides,67.93529411764706,4828,16.744,14.8,39.6,555.9,73.4,56.03,22.437956736999997
215,22103,Louisiana,St. Tammany,44.82352941176471,7849,17.495,10.4,29.3,336.2,100.1,50.73,17.709280575
216,22117,Louisiana,Washington,72.94117647058823,1764,18.518,16.2,43.4,466.1,133.5,62.0,23.236068374000002
217,23001,Maine,Androscoggin,49.558823529411754,893,18.163,10.4,33.5,306.7,133.8,65.54,16.449206191
218,23005,Maine,Cumberland,21.958823529411763,2706,19.037,7.1,23.0,252.6,118.9,43.77,11.391522395
219,23011,Maine,Kennebec,42.21176470588235,379,20.564,8.1,31.6,296.6,152.6,57.26,16.463107334
220,23017,Maine,Oxford,50.43529411764707,183,22.584,8.5,32.5,265.9,206.7,67.9,18.030923525
221,23019,Maine,Penobscot,52.27647058823529,324,19.133,10.4,34.1,311.1,161.9,58.12,16.858076332
222,23025,Maine,Somerset,60.4,220,21.343000000000004,9.7,33.3,357.9,178.2,66.86,19.094503389
223,23029,Maine,Washington,55.84117647058822,77,24.835,8.7,34.4,338.6,165.5,58.82,18.229789574
224,23031,Maine,York,29.688235294117646,1467,21.151,7.8,29.5,247.6,122.5,43.73,14.036913690999999
225,24001,Maryland,Allegany,71.34411764705881,845,20.551,11.8,34.7,390.0,274.4,52.98,16.051710615999998
226,24003,Maryland,Anne Arundel,39.80588235294117,12460,15.02,9.2,30.6,306.5,241.0,39.48,13.675421228
227,24005,Maryland,Baltimore,50.24117647058824,21502,17.562,10.0,31.3,346.5,239.2,33.45,13.277830309
228,24009,Maryland,Calvert,45.0529411764706,1225,15.478,10.0,30.8,327.9,253.0,43.93,14.482916074
229,24013,Maryland,Carroll,43.38235294117647,2333,17.283,7.7,30.3,333.3,238.3,50.45,12.630102677
230,24015,Maryland,Cecil,61.38823529411764,1399,16.213,9.7,35.5,367.0,243.8,65.66,16.915939354000002
231,24017,Maryland,Charles,53.37352941176471,3275,12.867,10.8,39.5,313.0,317.9,38.63,14.16024778
232,24021,Maryland,Frederick,34.00588235294117,4959,14.815999999999999,8.5,30.1,298.6,236.5,38.23,11.613052264
233,24025,Maryland,Harford,46.85588235294118,3772,16.557000000000002,9.5,31.3,321.8,278.5,39.74,14.609937744000002
234,24027,Maryland,Howard,12.658823529411766,6065,14.276,6.9,25.7,217.4,162.0,23.07,9.0191011429
235,24031,Maryland,Montgomery,14.032352941176471,26439,16.055999999999997,7.3,21.6,197.9,152.8,19.6,8.1757134357
236,24033,Maryland,Prince George's,53.42058823529411,33848,13.889000000000001,12.3,37.4,324.0,273.0,19.6,11.97912293
237,24037,Maryland,St. Mary's,53.74117647058824,1515,13.387,11.1,36.5,312.8,327.9,44.32,15.013894977
238,24041,Maryland,Talbot,40.40000000000001,662,29.738000000000003,8.1,29.8,263.9,265.0,32.98,12.815309817000001
239,24043,Maryland,Washington,73.52352941176471,2404,17.497,12.7,36.8,359.8,399.2,56.28,15.46402323
240,24045,Maryland,Wicomico,64.8,2601,16.348,11.8,35.5,456.3,238.7,49.01,15.308955351
241,24047,Maryland,Worcester,57.49411764705883,1254,28.229,9.3,36.3,390.1,200.7,34.65,13.753866362
242,24510,Maryland,Baltimore City,69.27058823529413,18310,14.517000000000001,12.8,35.3,434.5,404.9,39.12,20.262595245
243,25001,Massachusetts,Barnstable,26.60588235294118,2065,31.418000000000003,7.3,22.4,261.5,162.9,34.5,11.853906316
244,25003,Massachusetts,Berkshire,34.48823529411764,808,23.949,8.3,26.7,294.9,134.2,45.49,13.782954088
245,25005,Massachusetts,Bristol,31.44705882352941,13010,17.305999999999997,8.3,28.2,289.1,163.4,41.59,15.01321279
246,25009,Massachusetts,Essex,23.2,24724,17.557000000000002,8.1,25.9,259.7,116.1,36.5,11.74006476
247,25011,Massachusetts,Franklin,33.88823529411765,487,23.109,8.4,28.0,284.8,119.3,47.21,13.611180122
248,25013,Massachusetts,Hampden,35.72941176470588,10523,17.327,8.8,30.4,303.8,159.1,40.44,15.440525252
249,25015,Massachusetts,Hampshire,18.28235294117647,1537,17.910999999999998,6.1,21.4,279.6,123.7,38.71,13.386156912999999
250,25017,Massachusetts,Middlesex,12.49705882352941,33119,15.652999999999999,6.4,21.1,234.7,122.0,29.67,9.9544431395
251,25021,Massachusetts,Norfolk,17.635294117647053,12222,17.236,7.0,24.2,240.9,132.1,31.98,12.238980283
252,25023,Massachusetts,Plymouth,32.858823529411765,11747,18.598,9.5,26.8,270.7,133.5,42.96,14.512457326
253,25025,Massachusetts,Suffolk,17.88235294117647,29269,12.343,8.8,21.9,227.6,177.3,31.9,14.475410922
254,25027,Massachusetts,Worcester,27.608823529411765,17201,16.134,8.0,27.8,281.0,160.9,43.85,13.804747585
255,26017,Michigan,Bay,58.62352941176471,1762,20.986,7.7,35.2,492.3,177.8,54.67,17.791812575999998
256,26021,Michigan,Berrien,63.117647058823536,3238,20.288,9.4,34.2,436.0,221.8,48.8,16.593027897
257,26025,Michigan,Calhoun,75.28235294117647,3521,18.213,12.8,36.9,364.0,276.5,63.68,18.79289397
258,26045,Michigan,Eaton,50.076470588235296,1390,19.075,8.4,33.8,322.9,215.4,48.53,17.176635533
259,26049,Michigan,Genesee,73.18823529411766,7712,17.969,11.3,35.3,413.6,269.5,57.34,18.986887755999998
260,26065,Michigan,Ingham,41.970588235294116,5079,13.901,9.4,31.4,318.2,218.8,47.02,17.751105135
261,26077,Michigan,Kalamazoo,41.57647058823529,5501,15.434000000000001,9.8,30.6,312.6,175.3,50.88,18.001410648
262,26081,Michigan,Kent,41.3,17042,14.129000000000001,8.3,29.9,328.6,290.1,39.09,15.052005478
263,26087,Michigan,Lapeer,50.470588235294116,1361,18.872,6.9,32.9,401.6,187.1,55.15,16.385993502999998
264,26091,Michigan,Lenawee,80.14117647058823,1993,19.449,10.8,38.6,407.0,375.1,63.63,17.114590649
265,26093,Michigan,Livingston,36.00588235294118,2533,17.902,6.9,28.8,358.0,171.3,44.42,13.752936332
266,26099,Michigan,Macomb,57.90588235294118,20883,17.423,9.9,31.6,385.0,231.8,45.36,18.558096157
267,26115,Michigan,Monroe,64.46470588235293,2341,18.756,9.2,38.1,372.4,246.9,51.88,16.606996455
268,26117,Michigan,Montcalm,68.57058823529411,853,18.146,12.1,41.9,351.7,202.7,62.57,19.662117706
269,26121,Michigan,Muskegon,66.75882352941177,3891,17.608,12.4,36.5,305.3,297.5,53.92,19.7675499
270,26125,Michigan,Oakland,36.411764705882355,27839,17.309,7.8,24.6,358.4,201.3,38.65,12.308266081
271,26139,Michigan,Ottawa,26.588235294117645,6282,15.519,8.1,26.2,270.1,228.1,31.42,13.635632155
272,26145,Michigan,Saginaw,68.96470588235293,4489,19.636,10.4,39.6,338.6,243.7,54.95,18.209733829
273,26147,Michigan,St. Clair,69.12058823529411,1853,19.405,8.7,33.6,420.1,328.0,60.04,18.148696185
274,26155,Michigan,Shiawassee,63.4470588235294,868,19.041,8.7,38.9,372.8,215.1,59.69,17.880387598
275,26159,Michigan,Van Buren,68.70294117647059,1338,18.665,13.9,36.0,391.0,191.2,58.62,18.457219684000002
276,26161,Michigan,Washtenaw,23.376470588235296,6499,14.517999999999999,7.4,25.5,310.9,192.1,33.5,12.131392772
277,26163,Michigan,Wayne,64.49411764705881,43375,15.808,10.8,34.4,494.4,237.2,45.33,21.055529729
278,27003,Minnesota,Anoka,28.311764705882354,10514,14.508,7.7,30.5,195.1,225.4,42.08,14.520691847
279,27037,Minnesota,Dakota,25.938235294117646,11184,14.687000000000001,7.2,30.4,185.0,234.9,33.69,13.781499636
280,27053,Minnesota,Hennepin,22.252941176470586,38272,14.508,6.4,22.6,197.5,257.5,38.0,11.889587779000001
281,27123,Minnesota,Ramsey,29.282352941176466,15853,14.869000000000002,7.8,28.1,216.8,257.3,41.14,13.649298547999999
282,27137,Minnesota,St. Louis,41.99411764705882,3618,20.051,7.4,28.1,258.0,285.5,47.6,16.715382789
283,28033,Mississippi,DeSoto,67.01176470588236,7691,13.25,12.7,37.7,379.7,281.5,56.48,15.317170828
284,28047,Mississippi,Harrison,67.0,5681,15.418,9.6,35.0,503.2,306.2,54.32,21.678630446
285,28049,Mississippi,Hinds,72.67647058823529,8239,14.78,12.6,40.5,419.6,422.1,42.33,18.854159609
286,28121,Mississippi,Rankin,51.46470588235295,4218,15.667,10.6,38.1,287.3,210.7,51.26,15.596527157
287,29019,Missouri,Boone,32.25294117647059,6531,12.792,7.6,28.3,276.3,263.6,44.47,18.520999173
288,29021,Missouri,Buchanan,78.92941176470589,4188,16.712,12.5,39.1,370.1,307.6,86.17,21.826876691
289,29047,Missouri,Clay,43.364705882352936,2928,14.44,9.9,33.1,279.7,202.4,58.1,15.895092767000001
290,29071,Missouri,Franklin,66.13529411764706,3022,18.017,9.7,36.6,382.8,241.2,57.67,18.658496978
291,29077,Missouri,Greene,60.43823529411765,10459,16.754,10.7,31.0,371.2,242.4,54.82,19.506400795999998
292,29095,Missouri,Jackson,48.72352941176471,10893,15.380999999999998,10.1,31.3,336.6,184.2,53.93,20.051586925
293,29099,Missouri,Jefferson,65.15294117647059,6825,15.548,10.5,32.8,389.2,260.1,71.33,18.827690898
294,29113,Missouri,Lincoln,58.470588235294116,1349,13.682,14.8,35.2,351.6,208.7,53.0,20.602963802
295,29169,Missouri,Pulaski,55.57058823529411,1095,9.119,10.0,33.5,362.6,244.8,69.65,20.24168858
296,29183,Missouri,St. Charles,34.5,12856,15.788,8.7,31.7,295.5,150.0,42.61,16.129224791
297,29189,Missouri,St. Louis,40.63529411764705,32801,18.535,8.9,28.3,342.5,166.1,35.96,15.713734105
298,29510,Missouri,St. Louis City,65.15882352941175,8976,14.309000000000001,12.6,35.2,437.2,235.4,48.1,24.601234178000002
299,30063,Montana,Missoula,28.252941176470593,2552,16.168,6.2,21.4,304.7,186.2,53.42,16.976898634
300,30111,Montana,Yellowstone,47.71176470588235,7260,17.412,7.6,28.0,319.2,271.1,62.23,16.188982732
301,31055,Nebraska,Douglas,45.31764705882353,24274,13.437000000000001,9.3,31.1,258.4,302.3,57.61,15.893613542999999
302,31109,Nebraska,Lancaster,36.723529411764716,10061,14.385,8.1,29.9,259.4,254.4,55.96,12.899221420999998
303,31153,Nebraska,Sarpy,42.56470588235295,6534,12.106,9.1,34.1,256.0,281.0,53.2,12.973444557999999
304,32003,Nevada,Clark,55.08823529411765,84129,15.117,10.0,27.1,394.1,244.2,58.04,16.979704666
305,32019,Nevada,Lyon,70.2764705882353,635,21.198,9.2,33.6,355.4,316.4,69.58,20.647207257
306,32031,Nevada,Washoe,48.42941176470589,14109,16.834,7.0,23.5,364.1,312.4,55.74,15.165619627
307,32510,Nevada,Carson City,67.84117647058825,835,20.697,9.3,31.0,364.1,371.6,67.4,18.972461727
308,33001,New Hampshire,Belknap,42.28235294117647,259,22.798000000000002,8.3,28.3,333.2,160.4,50.8,14.268955146
309,33003,New Hampshire,Carroll,32.70588235294118,163,28.965,8.2,28.7,266.5,159.9,38.01,14.798997260999998
310,33005,New Hampshire,Cheshire,41.99411764705882,214,20.68,7.8,31.3,285.0,193.8,54.92,16.624635489
311,33009,New Hampshire,Grafton,25.49411764705882,269,21.339000000000002,6.5,24.7,284.7,154.0,39.23,13.236828867
312,33011,New Hampshire,Hillsborough,32.294117647058826,5682,16.222,8.5,28.2,288.9,181.9,48.28,13.527797003
313,33013,New Hampshire,Merrimack,31.817647058823518,979,18.675,7.4,27.6,289.2,186.4,47.29,13.603645069
314,33015,New Hampshire,Rockingham,26.6,2824,18.573,7.2,26.6,280.8,153.0,43.9,12.458440615999999
315,33017,New Hampshire,Strafford,40.46764705882353,807,15.442,9.9,31.5,298.9,182.2,51.72,17.177487002
316,34001,New Jersey,Atlantic,63.191176470588246,5465,18.594,11.1,31.7,401.5,269.9,43.62,15.644194800000001
317,34003,New Jersey,Bergen,20.294117647058822,26095,17.664,7.3,21.6,263.9,156.7,23.97,11.410986988
318,34005,New Jersey,Burlington,39.547058823529404,8892,17.372,10.3,29.3,324.3,172.0,37.84,12.445638161
319,34007,New Jersey,Camden,51.423529411764704,12225,16.098,11.9,32.2,357.3,196.8,39.75,16.134609166
320,34009,New Jersey,Cape May,57.10588235294117,1171,27.343000000000004,8.6,28.0,408.6,277.9,43.35,15.756107441
321,34011,New Jersey,Cumberland,68.02941176470588,4100,15.644,11.5,36.3,413.1,300.7,47.62,18.261146678
322,34013,New Jersey,Essex,39.547058823529404,25926,13.905999999999999,10.7,29.0,317.1,236.0,26.76,14.235389267999999
323,34015,New Jersey,Gloucester,51.18235294117647,5785,16.312,9.8,32.3,378.0,198.6,47.91,15.611318452
324,34017,New Jersey,Hudson,24.023529411764702,24074,12.181,7.9,24.3,286.2,225.3,29.27,15.382038155
325,34019,New Jersey,Hunterdon,18.51764705882353,1717,19.366,5.7,22.0,253.0,146.3,32.82,12.529551417999999
326,34021,New Jersey,Mercer,32.80588235294117,9570,15.645999999999999,9.2,26.9,298.6,220.3,32.75,13.55615998
327,34023,New Jersey,Middlesex,28.470588235294123,23190,15.485,9.8,25.3,295.4,174.4,29.13,10.970467888
328,34025,New Jersey,Monmouth,31.023529411764702,14675,18.18,7.2,27.0,311.9,179.8,37.9,13.360452416
329,34027,New Jersey,Morris,20.1,9693,17.584,6.7,21.7,273.5,164.1,28.58,12.111935176
330,34029,New Jersey,Ocean,43.31764705882353,17171,22.781999999999996,8.1,27.7,388.0,151.0,37.23,14.443273724
331,34031,New Jersey,Passaic,33.24705882352941,21687,14.981,8.3,26.4,305.6,252.6,33.29,13.782069143
332,34033,New Jersey,Salem,70.6470588235294,1203,19.029,13.1,38.6,420.0,214.9,47.34,17.793654646
333,34035,New Jersey,Somerset,17.75588235294118,6737,16.17,6.1,23.1,261.4,186.1,29.67,10.843821150999998
334,34037,New Jersey,Sussex,40.07941176470588,1828,17.965999999999998,7.3,25.7,333.3,270.1,44.29,13.757305722
335,34039,New Jersey,Union,20.464705882352945,21187,14.732999999999999,7.0,25.2,286.7,181.5,28.8,13.07573586
336,34041,New Jersey,Warren,44.59411764705882,1673,18.726,7.9,31.1,339.8,226.7,43.19,14.330127644000001
337,35001,New Mexico,Bernalillo,32.65882352941176,12362,16.919,6.5,23.7,289.7,239.4,44.43,15.209989631
338,35015,New Mexico,Eddy,68.36470588235295,1610,14.6,11.2,36.3,395.8,287.5,72.88,15.530870365999998
339,35039,New Mexico,Rio Arriba,34.55588235294117,558,20.077,8.2,28.9,237.8,219.4,36.87,17.932582658
340,35043,New Mexico,Sandoval,31.138235294117646,2202,18.46,7.5,28.3,254.6,216.3,38.43,16.191236811
341,35049,New Mexico,Santa Fe,22.332352941176467,2099,25.344,4.8,16.3,210.2,174.2,32.93,13.676491996
342,36001,New York,Albany,33.11176470588236,3802,17.437,8.8,27.4,325.1,147.3,40.32,14.531854664
343,36005,New York,Bronx,53.78823529411765,55915,13.31,12.4,28.4,375.5,435.6,22.86,15.921168722
344,36007,New York,Broome,48.96470588235295,3789,19.413,8.9,30.2,335.6,234.0,43.2,15.514051434
345,36011,New York,Cayuga,51.364705882352936,465,19.835,9.7,33.6,328.3,191.5,49.38,15.717610642
346,36013,New York,Chautauqua,69.64411764705882,1040,20.713,10.5,33.6,389.4,263.4,59.59,17.108594687
347,36025,New York,Delaware,56.89411764705882,197,25.186,7.6,31.6,375.2,269.9,47.93,15.84691835
348,36027,New York,Dutchess,39.00294117647059,5612,18.149,8.1,27.7,345.2,196.1,40.48,15.040865509000001
349,36029,New York,Erie,50.80000000000001,13748,18.387999999999998,9.7,29.0,344.6,234.0,41.38,17.253724261
350,36037,New York,Genesee,58.191176470588225,420,19.291,11.1,33.9,327.9,234.0,48.42,15.922101555
351,36045,New York,Jefferson,56.46470588235293,237,14.213,10.9,36.2,371.6,220.7,54.06,16.019146826
352,36047,New York,Kings,42.71176470588235,74323,14.370999999999999,9.5,23.8,376.3,295.9,17.71,13.840801998
353,36051,New York,Livingston,46.952941176470596,359,18.336,11.1,36.7,268.8,132.8,52.29,15.326099779000002
354,36053,New York,Madison,47.576470588235296,601,18.88,9.0,31.5,258.9,247.8,59.11,15.15958424
355,36055,New York,Monroe,30.24705882352941,7924,17.862000000000002,8.1,30.7,276.8,161.3,30.88,15.151442269
356,36059,New York,Nassau,31.594117647058827,50602,18.18,7.0,23.6,358.4,175.4,24.06,11.225364644
357,36061,New York,New York,24.258823529411764,34104,16.953,6.6,15.7,267.1,232.9,17.97,12.41823421
358,36063,New York,Niagara,66.28823529411764,2166,19.524,11.8,32.1,410.9,231.4,51.95,16.802143713
359,36065,New York,Oneida,67.20882352941176,2896,19.173,12.2,33.8,358.3,272.0,48.59,16.835257266
360,36067,New York,Onondaga,46.44411764705882,5881,17.534000000000002,10.0,31.3,298.9,224.7,43.85,15.75882059
361,36069,New York,Ontario,37.23823529411764,736,20.605999999999998,8.7,31.3,274.2,143.2,48.45,14.040081022
362,36071,New York,Orange,35.367647058823536,14013,14.324000000000002,8.3,28.4,319.1,210.7,45.44,15.142023205
363,36075,New York,Oswego,65.06470588235294,669,16.808,9.5,36.2,377.9,272.2,63.49,18.606831579
364,36079,New York,Putnam,19.08235294117647,1874,18.031,5.6,22.8,301.2,117.7,30.03,12.631481982
365,36081,New York,Queens,41.99411764705882,76591,16.342,10.2,24.1,341.1,248.4,19.13,12.42777748
366,36083,New York,Rensselaer,45.09411764705882,1135,17.519000000000002,8.8,29.7,339.0,183.9,63.47,14.564381620999999
367,36085,New York,Richmond,50.29411764705882,17191,16.655,9.8,28.6,457.4,240.6,30.01,15.373417772
368,36087,New York,Rockland,20.523529411764702,18466,15.89,7.4,22.8,279.3,179.5,28.32,12.165288495
369,36091,New York,Saratoga,33.391176470588235,1448,18.808,7.6,27.2,295.7,197.8,44.31,14.795153675
370,36091,New York,Saratoga,33.391176470588235,1448,18.808,7.6,27.2,295.7,197.8,44.31,14.795153675
371,36091,New York,Saratoga,33.391176470588235,1448,18.808,7.6,27.2,295.7,197.8,44.31,14.795153675
372,36091,New York,Saratoga,33.391176470588235,1448,18.808,7.6,27.2,295.7,197.8,44.31,14.795153675
373,36093,New York,Schenectady,49.68235294117646,1644,17.349,10.2,31.4,348.0,211.6,47.1,14.143836257
374,36103,New York,Suffolk,34.28823529411765,49780,17.333,7.7,25.5,342.5,198.5,32.61,12.625481467
375,36105,New York,Sullivan,59.17058823529411,1837,19.327,9.6,36.1,327.1,219.9,57.94,16.144075284
376,36109,New York,Tompkins,15.070588235294116,660,15.100999999999999,6.5,23.2,281.8,132.0,38.7,14.149173590999998
377,36111,New York,Ulster,39.597058823529416,2568,20.375999999999998,7.9,29.4,324.3,165.3,45.31,15.721730154000001
378,36117,New York,Wayne,51.93529411764707,588,19.52,11.0,37.4,284.0,128.6,55.89,16.092411125
379,36119,New York,Westchester,19.847058823529416,41225,17.417,6.7,21.2,284.9,141.4,26.58,11.37154602
380,37001,North Carolina,Alamance,50.43529411764707,5464,17.129,9.2,37.0,292.8,188.1,56.51,17.098560247
381,37013,North Carolina,Beaufort,66.32352941176471,1450,24.552,7.3,44.3,340.4,323.7,48.88,17.69732422
382,37019,North Carolina,Brunswick,50.523529411764706,2271,32.632,10.2,31.0,296.2,173.4,53.19,14.995104748
383,37021,North Carolina,Buncombe,31.470588235294123,4360,20.480999999999998,7.0,24.0,273.4,128.9,54.39,16.637681435999998
384,37023,North Carolina,Burke,65.22941176470587,2840,20.689,6.6,36.2,337.4,370.3,65.76,17.303198204
385,37025,North Carolina,Cabarrus,44.53529411764707,5153,13.427,11.2,33.4,299.5,161.3,58.17,15.520446062000001
386,37027,North Carolina,Caldwell,71.78823529411764,2744,20.406,13.8,38.1,361.1,166.6,77.13,16.720111688
387,37031,North Carolina,Carteret,54.647058823529406,1232,25.718000000000004,11.1,33.9,329.7,162.4,42.69,15.646473990999999
388,37035,North Carolina,Catawba,53.79411764705882,4847,18.274,10.8,31.6,315.6,172.0,71.19,16.024647963
389,37049,North Carolina,Craven,54.90588235294118,2465,19.682000000000002,11.7,30.3,329.9,216.7,47.31,15.658887703
390,37051,North Carolina,Cumberland,62.34705882352941,7397,12.200999999999999,12.3,32.1,344.7,376.1,57.81,18.090857472
391,37055,North Carolina,Dare,42.67058823529412,396,22.159000000000002,9.1,28.1,301.2,206.6,43.48,15.757820204000001
392,37057,North Carolina,Davidson,67.95882352941176,3910,18.549,13.6,35.7,323.9,220.7,68.22,17.857970935999997
393,37063,North Carolina,Durham,17.24411764705882,9443,13.613,7.2,28.3,245.3,155.2,34.79,14.789372254000002
394,37065,North Carolina,Edgecombe,81.3558823529412,2094,20.417,16.7,40.0,403.8,482.0,39.69,20.794787648
395,37067,North Carolina,Forsyth,47.53823529411766,9336,16.406,10.1,33.5,288.2,193.7,51.25,18.379820476
396,37069,North Carolina,Franklin,54.44411764705882,1510,17.127,10.0,40.6,308.8,206.0,48.92,18.008536939000003
397,37071,North Carolina,Gaston,53.5529411764706,7970,16.324,9.5,28.4,345.0,226.8,84.23,16.768014654
398,37081,North Carolina,Guilford,43.03823529411765,12173,15.534,10.1,34.5,259.4,206.4,44.44,15.811453025
399,37083,North Carolina,Halifax,81.80588235294118,1511,21.375999999999998,20.2,42.1,336.4,371.9,55.01,20.236613403
400,37085,North Carolina,Harnett,68.97058823529413,3088,12.839,14.6,34.7,354.1,384.8,62.72,18.910360202
401,37087,North Carolina,Haywood,58.46470588235293,766,24.988000000000003,8.7,33.1,329.9,216.7,59.36,18.181281242
402,37089,North Carolina,Henderson,35.43529411764706,2596,26.368000000000002,8.4,29.4,260.4,110.9,47.82,13.959955784000002
403,37097,North Carolina,Iredell,49.21764705882353,4035,16.233,10.2,35.1,295.3,171.9,64.2,15.431593827999999
404,37099,North Carolina,Jackson,41.8,1134,19.935,9.0,28.6,296.9,158.5,55.72,17.5268077
405,37101,North Carolina,Johnston,53.082352941176474,6007,13.642000000000001,11.4,34.4,334.5,220.5,48.77,17.681758712
406,37105,North Carolina,Lee,55.441176470588225,2173,16.840999999999998,9.4,35.0,297.7,298.5,53.68,16.845355687999998
407,37109,North Carolina,Lincoln,45.97352941176471,2588,17.949,7.8,31.6,321.7,185.2,67.7,16.214111018
408,37119,North Carolina,Mecklenburg,18.8,35076,11.5,8.3,28.7,245.6,138.7,36.13,13.91919475
409,37127,North Carolina,Nash,75.19411764705883,3612,19.042,13.6,37.6,362.4,268.2,55.06,18.299857696
410,37129,North Carolina,New Hanover,24.729411764705876,5517,18.402,6.4,28.5,264.2,106.2,40.26,15.852352644000002
411,37133,North Carolina,Onslow,49.34117647058822,3615,9.612,10.8,29.3,327.3,268.7,60.12,17.795532165
412,37135,North Carolina,Orange,11.564705882352946,3191,14.584000000000001,6.9,21.7,216.2,143.1,33.11,14.241707251
413,37141,North Carolina,Pender,47.25294117647058,1470,18.579,13.4,28.4,318.6,133.8,52.02,16.318567344
414,37145,North Carolina,Person,54.42941176470589,730,20.101,9.5,33.4,315.8,217.2,52.86,18.136629665999997
415,37147,North Carolina,Pitt,58.20000000000001,6372,13.857000000000001,10.5,39.2,326.4,341.5,39.8,17.373690184
416,37151,North Carolina,Randolph,59.09411764705883,4055,18.139,10.1,31.6,359.2,201.5,69.31,18.01229409
417,37155,North Carolina,Robeson,78.05294117647057,6258,15.744000000000002,14.2,38.8,424.7,387.3,50.15,24.057594215
418,37157,North Carolina,Rockingham,72.81470588235295,2202,20.872,13.1,37.7,333.4,214.2,72.6,17.673989504
419,37159,North Carolina,Rowan,59.917647058823526,4320,17.855999999999998,9.7,37.1,338.5,196.1,64.81,17.125582841
420,37163,North Carolina,Sampson,77.36176470588234,2896,18.317,15.8,38.6,351.9,367.1,51.42,19.070204933
421,37167,North Carolina,Stanly,52.18235294117648,2488,19.302,8.6,27.4,407.5,213.6,53.29,16.708050684
422,37169,North Carolina,Stokes,64.9735294117647,730,21.752,13.5,35.0,325.2,188.5,63.99,15.906936115999999
423,37171,North Carolina,Surry,52.24705882352941,2021,20.846,9.1,29.0,318.6,208.5,67.35,17.195156723
424,37179,North Carolina,Union,32.09411764705882,6163,13.022,8.6,34.8,257.0,172.4,45.63,14.670660455
425,37183,North Carolina,Wake,16.923529411764708,22246,12.040999999999999,8.5,27.3,233.2,152.6,32.37,12.194937751
426,37191,North Carolina,Wayne,75.38823529411764,4804,16.894000000000002,14.5,39.6,374.5,372.6,47.19,17.654392519
427,37193,North Carolina,Wilkes,73.89705882352942,1900,22.163,13.9,38.7,316.9,240.3,61.81,17.855462044
428,37197,North Carolina,Yadkin,55.48823529411764,1118,20.472,9.6,33.7,306.5,193.0,66.69,17.897245399000003
429,38017,North Dakota,Cass,31.752941176470603,10343,12.462,8.1,33.1,217.8,235.3,39.84,16.244143425
430,39007,Ohio,Ashtabula,79.82647058823528,927,19.628,12.0,37.4,412.7,285.7,64.55,21.275717753
431,39013,Ohio,Belmont,78.40882352941176,927,21.398000000000003,13.0,34.9,433.7,276.7,60.72,17.49012387
432,39015,Ohio,Brown,64.88823529411765,499,18.344,10.2,31.6,374.4,255.7,70.99,20.586497724
433,39017,Ohio,Butler,56.34705882352941,9836,15.129000000000001,10.9,32.1,325.7,233.8,61.89,18.240214547
434,39023,Ohio,Clark,79.76176470588234,3069,19.736,11.7,36.6,389.2,317.3,61.81,21.402774834000002
435,39025,Ohio,Clermont,64.31764705882354,3064,16.910999999999998,11.3,38.1,325.8,233.5,59.57,18.540459648
436,39027,Ohio,Clinton,64.52352941176471,629,17.559,8.7,35.7,388.5,265.0,66.22,19.509812043
437,39033,Ohio,Crawford,68.16470588235293,631,21.379,9.1,33.6,394.8,248.8,64.87,19.966410292
438,39035,Ohio,Cuyahoga,61.029411764705884,22268,18.639,9.4,31.7,388.6,277.5,41.02,20.03452224
439,39037,Ohio,Darke,66.52058823529411,1344,19.932000000000002,11.1,37.4,391.9,213.3,45.62,18.42348452
440,39041,Ohio,Delaware,22.582352941176467,3312,14.142999999999999,8.1,29.1,273.2,154.5,39.55,15.015131325999999
441,39043,Ohio,Erie,69.35294117647058,1297,22.551,10.4,33.9,361.1,234.4,65.44,18.225071434
442,39045,Ohio,Fairfield,64.67647058823529,3190,16.081,11.7,36.7,332.7,316.4,49.92,17.35112124
443,39049,Ohio,Franklin,51.48823529411764,35292,12.39,10.1,30.2,336.6,255.4,55.67,19.93468173
444,39053,Ohio,Gallia,87.30000000000003,350,19.285999999999998,16.2,40.7,471.8,315.0,77.95,20.895920104
445,39057,Ohio,Greene,50.629411764705885,2972,17.543,11.0,30.6,302.8,240.5,45.9,17.569766159
446,39061,Ohio,Hamilton,56.47352941176471,19564,15.741,10.8,30.2,336.5,282.9,49.26,19.327357226
447,39063,Ohio,Hancock,54.63235294117648,1349,17.680999999999997,9.8,35.9,340.4,207.9,46.1,18.366507923
448,39073,Ohio,Hocking,77.29411764705883,285,19.465999999999998,13.1,39.9,384.8,262.3,57.24,19.805127134
449,39077,Ohio,Huron,71.65,797,17.642,9.3,40.9,363.0,351.2,64.24,19.307125927
450,39081,Ohio,Jefferson,83.14705882352942,573,22.073,12.4,38.2,485.2,254.0,72.96,20.699799825
451,39085,Ohio,Lake,51.441176470588225,2580,20.583000000000002,8.6,27.4,358.6,243.5,46.45,17.391700664000002
452,39087,Ohio,Lawrence,86.62941176470586,1131,19.143,16.6,40.5,404.1,329.1,76.22,21.227575312
453,39089,Ohio,Licking,61.5,3168,16.761,10.0,33.0,331.5,289.9,63.25,18.716060345
454,39093,Ohio,Lorain,63.92941176470589,3239,18.783,13.2,35.4,308.2,210.8,60.81,18.178693932999998
455,39095,Ohio,Lucas,76.32941176470591,9360,16.702,11.2,36.9,421.0,307.5,60.74,21.087334662
456,39099,Ohio,Mahoning,69.48235294117647,4243,21.432,11.6,33.1,434.6,212.8,50.9,19.889566928
457,39101,Ohio,Marion,77.3,3624,18.222,10.3,38.5,383.7,432.9,60.6,21.357875617
458,39103,Ohio,Medina,41.076470588235296,2318,18.464000000000002,8.4,27.0,309.8,217.5,50.07,15.937067449
459,39109,Ohio,Miami,60.75294117647058,2467,18.932000000000002,10.6,35.7,376.4,157.7,55.8,17.755028181
460,39113,Ohio,Montgomery,70.67058823529409,12561,18.325,11.2,35.5,339.5,317.0,51.83,20.198986786
461,39119,Ohio,Muskingum,62.85882352941176,1138,18.209,11.5,37.2,341.7,152.9,78.2,19.755119887
462,39129,Ohio,Pickaway,72.46176470588235,3275,15.984000000000002,15.3,34.6,403.3,269.4,61.68,19.859193858
463,39131,Ohio,Pike,79.72941176470587,406,18.230999999999998,16.7,42.3,418.1,231.4,76.99,21.054984794
464,39133,Ohio,Portage,55.11176470588236,2005,17.025,9.7,27.9,403.6,241.0,54.99,18.890229241
465,39139,Ohio,Richland,77.44705882352943,1709,19.76,11.9,35.6,377.3,319.8,59.29,21.207584419
466,39141,Ohio,Ross,77.7470588235294,1690,17.137999999999998,13.3,38.5,359.6,304.6,73.1,21.880148048000002
467,39143,Ohio,Sandusky,74.53823529411764,863,19.331,11.5,34.5,386.7,329.3,57.02,20.154592925
468,39145,Ohio,Scioto,86.0,1110,18.629,13.5,38.4,523.8,340.7,81.08,22.30239851
469,39151,Ohio,Stark,68.32352941176471,4700,19.934,11.2,36.6,337.5,241.9,52.83,19.004006925
470,39153,Ohio,Summit,61.70588235294117,7843,18.498,10.1,31.3,343.1,261.4,57.3,18.483947403
471,39155,Ohio,Trumbull,78.74999999999999,2649,22.064,11.2,39.1,418.9,246.8,57.02,19.676252876
472,39157,Ohio,Tuscarawas,61.15294117647059,1650,19.964000000000002,8.3,34.6,355.4,260.6,55.12,18.016099582
473,39165,Ohio,Warren,39.852941176470594,5084,14.895,9.4,27.5,309.0,232.9,49.66,15.228085463
474,39167,Ohio,Washington,59.9,492,21.601999999999997,11.9,35.9,285.0,184.6,62.06,18.048098639000003
475,39169,Ohio,Wayne,67.01764705882354,1956,18.305999999999997,12.5,32.5,342.3,307.4,55.54,17.467266789
476,40017,Oklahoma,Canadian,63.50588235294117,4289,13.293,10.8,35.3,343.5,473.5,62.13,14.520999536
477,40027,Oklahoma,Cleveland,61.30588235294119,8826,13.798,9.9,35.5,330.5,411.1,61.18,15.500138403
478,40109,Oklahoma,Oklahoma,69.5764705882353,25315,14.024000000000001,10.8,32.6,403.2,531.4,69.6,17.411912594
479,40125,Oklahoma,Pottawatomie,83.69411764705882,2375,16.602,14.7,36.5,514.4,611.5,92.68,20.844648410999998
480,40143,Oklahoma,Tulsa,66.27352941176471,23153,14.805,10.1,30.5,469.4,563.3,60.04,17.597289960999998
481,41005,Oregon,Clackamas,29.28529411764705,3535,18.761,7.9,27.6,229.3,206.2,38.33,13.190996573
482,41007,Oregon,Clatsop,40.3,268,23.439,7.1,31.6,297.0,196.7,43.43,15.125297774000002
483,41029,Oregon,Jackson,40.90588235294118,1998,22.561,8.9,26.7,239.2,203.7,50.98,17.912384445
484,41039,Oregon,Lane,45.229411764705866,2633,19.937,8.4,28.5,246.4,302.6,50.24,15.360129815999999
485,41047,Oregon,Marion,45.44411764705882,6375,16.180999999999997,10.1,34.8,252.4,229.9,45.28,15.409631355999998
486,41051,Oregon,Multnomah,26.42352941176471,10139,13.886,8.0,23.9,266.1,213.1,44.8,15.962060027
487,41067,Oregon,Washington,19.017647058823528,6356,13.857000000000001,8.1,28.8,219.0,183.8,30.08,11.294746345
488,42001,Pennsylvania,Adams,49.720588235294116,1229,21.095,9.1,30.7,338.9,225.0,39.74,16.215083888
489,42003,Pennsylvania,Allegheny,42.370588235294115,16210,19.348,7.8,28.0,360.6,175.7,41.24,16.991038873
490,42007,Pennsylvania,Beaver,61.30588235294118,2380,22.021,9.7,35.8,370.4,198.0,45.03,19.220431873
491,42011,Pennsylvania,Berks,49.18823529411765,9860,17.599,9.0,33.9,338.5,208.1,39.61,16.58359467
492,42017,Pennsylvania,Bucks,32.96764705882353,10679,19.226,9.4,27.7,270.9,126.0,40.48,14.369768279
493,42019,Pennsylvania,Butler,45.847058823529395,1996,19.414,8.1,32.8,339.6,164.3,48.71,16.531034438
494,42021,Pennsylvania,Cambria,60.423529411764704,1296,23.229,13.0,28.9,364.0,219.0,43.33,18.205274734
495,42025,Pennsylvania,Carbon,51.65294117647059,638,21.726,7.3,33.3,359.7,214.3,44.51,17.984486097
496,42029,Pennsylvania,Chester,23.388235294117646,8398,16.829,7.7,21.6,288.4,170.8,32.9,14.668339218
497,42033,Pennsylvania,Clearfield,73.3,525,20.963,13.9,42.8,368.5,201.3,54.42,19.794198697
498,42037,Pennsylvania,Columbia,58.158823529411755,1089,20.06,12.4,36.1,366.3,139.9,41.22,17.966040163
499,42039,Pennsylvania,Crawford,68.30588235294118,624,21.226,13.7,39.3,372.2,132.7,54.55,20.091769637
500,42041,Pennsylvania,Cumberland,40.38529411764706,2627,18.846,9.8,26.2,345.2,141.1,41.26,16.350338289
501,42043,Pennsylvania,Dauphin,48.74117647058824,5119,17.399,9.1,33.0,349.3,210.0,36.75,18.523623861
502,42045,Pennsylvania,Delaware,33.599999999999994,14219,16.761,8.3,26.8,324.5,160.8,44.0,14.917709667999999
503,42049,Pennsylvania,Erie,44.423529411764704,2352,18.63,8.2,33.1,316.9,152.9,50.99,20.296875591
504,42055,Pennsylvania,Franklin,57.50000000000001,2419,20.105999999999998,10.9,32.9,319.9,242.9,42.44,18.15489989
505,42063,Pennsylvania,Indiana,46.20588235294117,1263,20.009,8.7,27.4,354.0,227.2,35.89,19.13992875
506,42069,Pennsylvania,Lackawanna,53.14411764705883,3936,20.328,9.0,28.9,417.8,177.0,48.45,20.306989109
507,42071,Pennsylvania,Lancaster,40.370588235294115,10164,18.394000000000002,9.3,32.9,297.3,167.8,36.05,14.89888061
508,42073,Pennsylvania,Lawrence,70.54705882352941,1024,22.534000000000002,13.3,37.1,399.8,202.9,46.19,18.068835635
509,42077,Pennsylvania,Lehigh,36.4,7027,17.108,8.7,31.0,291.9,186.3,35.91,18.336704588
510,42079,Pennsylvania,Luzerne,62.72941176470589,5727,20.156,10.0,32.7,394.7,235.2,43.94,19.307997325
511,42085,Pennsylvania,Mercer,61.06470588235295,1194,22.228,8.6,36.7,390.1,197.8,48.5,19.252817617
512,42089,Pennsylvania,Monroe,50.385294117647064,2131,17.823,8.8,32.7,339.8,233.2,45.31,17.37500376
513,42091,Pennsylvania,Montgomery,23.07058823529412,14629,18.17,6.6,25.3,283.1,138.2,34.87,13.194677885
514,42095,Pennsylvania,Northampton,41.44705882352942,5700,19.531,9.0,31.0,292.8,206.0,32.77,16.080490415
515,42097,Pennsylvania,Northumberland,63.382352941176464,1626,21.802,10.3,39.1,395.7,152.5,45.68,19.481765997
516,42101,Pennsylvania,Philadelphia,51.31764705882353,46093,13.994000000000002,11.1,28.9,402.0,222.8,40.8,20.614249405
517,42107,Pennsylvania,Schuylkill,78.50588235294117,2267,20.743000000000002,11.8,36.7,468.9,316.3,48.83,18.855152708
518,42125,Pennsylvania,Washington,64.32352941176471,2233,21.048000000000002,11.4,38.3,322.5,213.0,50.47,16.199309684
519,42127,Pennsylvania,Wayne,47.91764705882352,297,24.576999999999998,8.7,29.7,382.2,170.4,41.76,17.335412959
520,42129,Pennsylvania,Westmoreland,49.85882352941177,4671,23.291,9.0,30.0,347.3,174.5,42.77,18.67719958
521,42131,Pennsylvania,Wyoming,64.10588235294118,185,21.878,10.3,31.3,397.9,279.0,45.0,17.985287428
522,42133,Pennsylvania,York,40.74705882352941,6881,17.955,10.7,30.3,293.5,167.3,38.94,16.231194929
523,44003,Rhode Island,Kent,51.85882352941177,2566,19.369,9.2,30.0,313.2,299.3,47.98,14.487549538
524,44005,Rhode Island,Newport,24.294117647058826,678,22.766,6.7,24.9,259.5,164.4,32.18,12.780665890999998
525,44007,Rhode Island,Providence,45.06176470588235,23320,15.617,9.7,29.3,319.8,282.7,39.41,14.460953443
526,44009,Rhode Island,Washington,30.529411764705888,1335,21.468000000000004,7.0,25.0,270.6,207.5,40.24,12.318396858
527,45003,South Carolina,Aiken,62.264705882352935,5210,19.893,11.2,37.1,326.8,203.8,52.17,14.915906762999999
528,45007,South Carolina,Anderson,76.22058823529412,6150,18.329,13.4,35.4,342.9,363.3,64.24,17.546998452
529,45013,South Carolina,Beaufort,24.94705882352941,6261,28.006999999999998,6.4,25.4,186.2,169.5,28.0,12.818830372
530,45015,South Carolina,Berkeley,52.84705882352942,6292,14.162,12.8,37.6,278.6,195.9,59.66,15.751734455
531,45019,South Carolina,Charleston,42.61176470588236,17596,16.973,10.3,28.4,272.9,235.9,42.6,15.818134664
532,45035,South Carolina,Dorchester,53.041176470588226,4946,14.523,10.4,33.3,297.8,293.2,52.13,17.119669006
533,45041,South Carolina,Florence,81.08823529411767,5771,17.399,14.6,39.5,390.7,330.6,61.47,18.043963314000003
534,45043,South Carolina,Georgetown,78.30882352941177,2436,28.622,14.1,38.0,357.8,334.6,44.44,16.353671164
535,45045,South Carolina,Greenville,43.273529411764706,18437,16.145,9.8,29.3,300.7,219.3,49.26,14.801699718
536,45047,South Carolina,Greenwood,68.0029411764706,2627,18.852,10.8,36.7,332.8,328.8,47.13,18.733482757
537,45051,South Carolina,Horry,62.852941176470594,12743,25.081999999999997,10.7,33.2,341.2,171.8,56.93,17.395272353
538,45055,South Carolina,Kershaw,66.12058823529411,2588,18.688,13.7,37.3,308.0,238.0,56.6,15.911290239000001
539,45057,South Carolina,Lancaster,62.023529411764706,2693,21.439,12.3,32.7,319.4,213.9,57.05,15.760962046
540,45059,South Carolina,Laurens,79.51176470588234,1982,18.808,13.4,36.2,347.3,392.5,73.88,19.603984837
541,45063,South Carolina,Lexington,45.864705882352936,9388,16.218,10.6,31.5,311.3,176.8,50.47,16.304205353
542,45073,South Carolina,Oconee,71.7470588235294,2577,23.561999999999998,11.2,33.9,340.8,278.4,58.08,17.379811163
543,45077,South Carolina,Pickens,61.547058823529404,4757,16.74,10.7,30.3,388.3,252.7,64.07,16.619570915
544,45079,South Carolina,Richland,56.30588235294118,17788,13.194,11.7,34.0,343.3,315.2,37.4,15.911091537999999
545,45083,South Carolina,Spartanburg,67.67058823529412,9523,16.413,11.1,34.7,351.8,267.9,71.3,17.019495795
546,45085,South Carolina,Sumter,73.24117647058823,3644,16.855,13.1,40.3,328.5,349.0,57.39,18.015323165
547,45091,South Carolina,York,52.98823529411764,7153,14.735,10.5,31.5,291.1,302.1,59.67,15.483703240999999
548,46099,South Dakota,Minnehaha,44.441176470588246,12985,13.482999999999999,8.2,31.1,315.5,286.5,53.32,15.445669227
549,47001,Tennessee,Anderson,78.6470588235294,1909,20.264,13.6,33.7,373.9,340.3,61.59,20.925017735999997
550,47009,Tennessee,Blount,53.51764705882353,3662,20.566999999999997,8.9,36.2,273.4,195.2,56.83,21.322302217
551,47011,Tennessee,Bradley,76.45294117647059,3823,17.319000000000003,12.8,37.6,445.1,257.8,59.3,21.778213881
552,47019,Tennessee,Carter,77.54117647058824,1798,22.371,16.0,38.0,389.0,186.8,66.55,24.766911856999997
553,47021,Tennessee,Cheatham,58.01176470588235,1146,15.536,8.2,29.7,405.2,318.2,71.41,20.285957168
554,47031,Tennessee,Coffee,76.21764705882353,2095,17.404,12.8,30.8,524.8,393.0,72.2,22.355547085999998
555,47037,Tennessee,Davidson,47.80588235294118,35444,12.537,9.0,29.2,356.9,275.9,48.37,18.106899483
556,47043,Tennessee,Dickson,65.30882352941177,1873,16.664,12.1,27.5,486.3,286.1,58.62,21.30032911
557,47059,Tennessee,Greene,86.93529411764706,2038,22.087,17.7,37.2,434.2,286.1,70.65,21.811380230999998
558,47065,Tennessee,Hamilton,64.12647058823529,12926,17.938,10.8,30.9,346.1,287.1,55.56,19.163372998
559,47073,Tennessee,Hawkins,81.52352941176471,1324,21.673000000000002,13.9,31.8,410.6,360.5,66.91,23.401969269000002
560,47093,Tennessee,Knox,58.82941176470589,14121,16.167,10.0,29.0,332.7,314.0,62.5,19.71365622
561,47119,Tennessee,Maury,57.72941176470589,3832,16.334,11.5,31.7,325.2,226.5,60.21,20.994691095
562,47125,Tennessee,Montgomery,72.48529411764707,4534,9.455,13.6,36.4,369.7,440.1,71.24,22.478012336
563,47125,Tennessee,Montgomery,72.48529411764707,4534,9.455,13.6,36.4,369.7,440.1,71.24,22.478012336
564,47125,Tennessee,Montgomery,72.48529411764707,4534,9.455,13.6,36.4,369.7,440.1,71.24,22.478012336
565,47125,Tennessee,Montgomery,72.48529411764707,4534,9.455,13.6,36.4,369.7,440.1,71.24,22.478012336
566,47145,Tennessee,Roane,83.17058823529412,1535,23.165,11.3,36.0,402.4,384.0,66.67,19.955390414
567,47147,Tennessee,Robertson,60.764705882352935,2731,15.350999999999999,8.4,37.6,415.7,224.5,63.79,19.806466902
568,47149,Tennessee,Rutherford,54.54117647058825,12822,10.780999999999999,11.6,33.2,331.1,237.3,55.19,18.863190384
569,47155,Tennessee,Sevier,81.76470588235296,3601,20.328,14.8,43.8,373.6,291.9,52.58,21.47980237
570,47157,Tennessee,Shelby,61.74117647058824,38352,14.017999999999999,10.8,34.7,372.6,310.2,41.32,20.096967848
571,47163,Tennessee,Sullivan,74.25882352941177,4242,22.22,10.5,33.6,401.6,247.5,62.73,22.099687584
572,47165,Tennessee,Sumner,38.4470588235294,6639,16.230999999999998,8.8,26.8,332.7,154.0,53.12,18.136700439000002
573,47167,Tennessee,Tipton,77.02058823529413,2566,14.917,14.2,36.9,436.0,304.8,67.73,21.237103259
574,47187,Tennessee,Williamson,19.588235294117645,7697,13.501,6.7,22.0,269.7,203.6,39.39,15.256201902
575,47189,Tennessee,Wilson,45.65882352941178,5114,16.028,9.9,33.2,305.9,171.7,53.84,18.180668233
576,48027,Texas,Bell,51.67647058823529,6647,11.169,11.7,32.6,306.2,362.8,46.79,15.179414783
577,48029,Texas,Bexar,45.67647058823529,66541,12.37,9.7,29.7,331.7,378.1,36.4,14.899297572
578,48039,Texas,Brazoria,48.773529411764706,12687,12.225,11.1,31.7,327.5,234.8,52.86,13.406956708
579,48085,Texas,Collin,16.570588235294114,18905,11.265999999999998,7.6,25.1,237.2,197.3,34.27,11.502614335
580,48113,Texas,Dallas,39.17941176470588,105628,11.084000000000001,7.8,30.5,319.2,324.9,39.69,14.893746644
581,48121,Texas,Denton,31.294117647058826,17435,10.539000000000001,7.4,31.7,236.7,222.9,55.4,13.069650279000001
582,48135,Texas,Ector,66.2529411764706,6955,9.607999999999999,9.2,37.2,412.7,474.3,96.52,14.225831664000001
583,48141,Texas,El Paso,43.417647058823526,52817,12.532,10.5,31.5,276.9,365.2,33.06,13.836055884
584,48157,Texas,Fort Bend,20.19411764705882,17807,11.562000000000001,9.4,25.4,239.1,193.8,26.03,11.728355735
585,48167,Texas,Galveston,56.46176470588236,12857,14.902000000000001,11.1,34.4,330.0,247.7,45.44,18.731028807
586,48201,Texas,Harris,39.75882352941176,163845,10.909,10.1,29.9,310.5,276.4,33.46,13.852121658
587,48215,Texas,Hidalgo,38.811764705882354,36088,11.319,11.3,38.3,278.7,169.1,22.88,14.561317140999998
588,48245,Texas,Jefferson,79.01176470588236,8548,14.944,13.4,41.3,462.4,403.3,58.05,16.567076593
589,48303,Texas,Lubbock,53.98235294117647,20788,12.710999999999999,6.0,31.5,395.0,430.7,68.57,14.618253287
590,48309,Texas,McLennan,58.367647058823536,10528,14.702,9.5,34.2,342.4,485.5,48.34,15.744620118
591,48339,Texas,Montgomery,40.6,14231,13.411,8.7,29.0,322.4,231.9,54.77,14.610748407
592,48355,Texas,Nueces,55.941176470588225,21465,14.924000000000001,12.3,33.2,306.8,372.0,40.85,14.396679472999999
593,48439,Texas,Tarrant,49.15294117647058,69519,11.629000000000001,10.9,30.6,308.6,314.1,48.84,14.048999672999999
594,48453,Texas,Travis,18.07058823529412,32451,10.169,7.6,23.1,224.2,228.1,30.56,12.481495582
595,48479,Texas,Webb,45.923529411764704,15539,9.731,9.5,37.3,288.3,310.6,20.69,18.426031637999998
596,48491,Texas,Williamson,22.917647058823533,9898,12.395999999999999,8.4,31.1,236.8,181.0,35.7,12.565249776
597,49005,Utah,Cache,14.694117647058823,4498,9.798,6.9,25.1,288.6,186.3,21.31,8.6107850519
598,49011,Utah,Davis,19.982352941176472,9266,10.307,8.8,26.8,302.0,143.0,30.65,8.8437250992
599,49035,Utah,Salt Lake,18.24705882352941,51124,11.207,7.4,26.3,286.0,155.7,39.36,9.5543751625
600,49045,Utah,Tooele,42.364705882352936,1635,9.339,11.9,37.3,297.6,134.0,55.75,10.449580817000001
601,49049,Utah,Utah,15.705882352941178,31095,7.936,7.6,26.7,303.6,114.4,25.12,5.908719481
602,49053,Utah,Washington,20.482352941176465,5433,22.003,7.0,24.1,210.9,114.2,27.34,8.8506644013
603,49057,Utah,Weber,33.25294117647059,7274,11.863,8.5,31.7,330.5,160.9,47.36,10.982049039000001
604,50003,Vermont,Bennington,57.53529411764705,142,23.366,8.6,30.2,329.8,279.9,63.31,14.71692596
605,50007,Vermont,Chittenden,23.00588235294117,1038,15.559000000000001,6.3,22.2,242.4,287.0,36.64,11.454113693
606,50011,Vermont,Franklin,60.42941176470589,143,16.692,9.5,34.6,340.1,538.9,50.72,17.289865487
607,50021,Vermont,Rutland,62.50294117647058,138,22.739,8.6,33.7,331.2,334.6,56.56,14.580013635
608,50023,Vermont,Washington,36.002941176470586,138,20.153,6.5,22.1,303.6,259.1,43.75,14.90318884
609,50025,Vermont,Windham,42.452941176470596,154,23.888,6.2,25.6,297.0,294.9,47.25,14.906224813
610,50027,Vermont,Windsor,43.370588235294115,128,24.215,7.7,27.3,301.7,288.3,41.43,13.396018208
611,51041,Virginia,Chesterfield,33.676470588235304,7361,15.405999999999999,9.7,32.9,280.0,125.5,41.45,15.084343506
612,51047,Virginia,Culpeper,39.31764705882353,1416,16.048,11.7,32.8,285.8,127.1,44.67,16.058022577
613,51059,Virginia,Fairfax,7.48235294117647,24458,13.982999999999999,6.0,20.8,177.7,84.2,21.64,9.3661598787
614,51061,Virginia,Fauquier,29.370588235294115,1128,16.95,8.3,33.3,261.2,110.5,42.74,13.920192323
615,51067,Virginia,Franklin,67.47647058823529,999,24.182,12.5,39.8,287.8,304.1,42.42,16.104182124
616,51085,Virginia,Hanover,28.50588235294117,1747,18.364,8.1,29.3,291.5,110.5,41.79,13.010267079
617,51087,Virginia,Henrico,32.982352941176465,6619,15.936,8.8,32.4,295.5,121.8,42.46,15.165087834000001
618,51107,Virginia,Loudoun,5.176470588235294,8105,9.709,6.1,22.6,200.4,77.8,25.81,10.980386028
619,51117,Virginia,Mecklenburg,75.30882352941177,909,25.854,12.7,41.7,367.9,266.4,44.29,17.546600948
620,51153,Virginia,Prince William,21.55,14768,10.317,9.0,31.9,204.2,124.9,34.79,13.432226007
621,51161,Virginia,Roanoke,44.37647058823529,1724,21.802,11.1,29.7,292.6,169.4,42.04,14.994519825
622,51177,Virginia,Spotsylvania,30.05,2529,14.734000000000002,8.6,33.1,293.2,113.1,41.31,15.761410719
623,51179,Virginia,Stafford,18.697058823529414,2480,10.738,7.5,31.4,284.1,127.1,33.69,14.718886029
624,51187,Virginia,Warren,58.66470588235293,634,16.785999999999998,12.7,34.7,319.8,224.9,57.58,16.293415657
625,51550,Virginia,Chesapeake City,47.308823529411754,5077,13.737,10.7,34.9,320.3,214.4,45.62,14.184605935999999
626,51630,Virginia,Fredericksburg City,31.673529411764704,603,11.923,11.4,31.6,287.8,120.1,41.31,17.510648150999998
627,51650,Virginia,Hampton City,65.37058823529411,2215,15.744000000000002,13.8,36.7,345.7,289.7,43.24,20.322792996
628,51670,Virginia,Hopewell City,74.6,531,15.704,13.1,41.1,435.1,238.8,80.05,19.544392371
629,51700,Virginia,Newport News City,60.00588235294118,3308,13.331,14.4,37.5,331.6,293.7,38.79,18.479048630999998
630,51710,Virginia,Norfolk City,62.264705882352935,5563,11.579,12.8,35.4,392.2,245.8,51.06,19.25546929
631,51740,Virginia,Portsmouth City,70.60588235294117,2875,15.14,12.9,42.4,404.5,309.6,42.45,18.98329946
632,51760,Virginia,Richmond City,43.870588235294115,5521,13.804,12.2,31.0,335.7,168.6,42.24,19.533257502
633,51770,Virginia,Roanoke City,69.39411764705882,3051,16.896,11.0,35.9,405.9,244.6,60.32,19.57036459
634,51810,Virginia,Virginia Beach City,26.776470588235288,8351,14.755999999999998,9.6,27.8,269.3,155.4,38.24,14.952018469
635,53005,Washington,Benton,39.13823529411765,5700,15.392000000000001,8.4,34.5,274.8,215.3,46.96,13.078767464
636,53009,Washington,Clallam,41.04411764705883,273,30.459,10.7,30.4,244.3,174.2,39.41,14.095649542
637,53011,Washington,Clark,43.226470588235294,5085,15.964,9.1,31.8,270.1,283.6,45.28,14.041929032
638,53015,Washington,Cowlitz,75.68823529411766,849,19.331,11.2,37.7,339.6,350.2,69.84,17.82366819
639,53033,Washington,King,15.458823529411767,28408,13.508,7.6,22.4,225.9,187.5,30.05,8.8150454593
640,53035,Washington,Kitsap,34.71176470588235,1613,18.366,7.8,30.3,283.4,196.9,47.48,12.469553824
641,53053,Washington,Pierce,48.558823529411754,12062,14.189,9.8,31.6,320.1,265.7,49.86,15.114787239000002
642,53057,Washington,Skagit,35.48823529411764,1305,21.500999999999998,8.2,30.4,253.1,195.6,41.92,13.240440200999998
643,53061,Washington,Snohomish,27.782352941176466,10587,13.968,8.3,30.1,253.4,204.9,42.07,12.962308599000002
644,53063,Washington,Spokane,35.10588235294118,10310,16.569000000000003,8.8,29.0,264.3,184.1,52.96,14.493901558
645,53067,Washington,Thurston,37.55294117647058,1968,17.854,9.0,30.0,261.1,221.3,45.67,12.856464025
646,53077,Washington,Yakima,52.38823529411765,13112,14.036,10.9,34.3,359.3,224.1,43.13,14.442937059
647,54003,West Virginia,Berkeley,59.50588235294118,1733,15.05,11.2,38.3,316.9,212.2,63.57,22.279119623000003
648,54005,West Virginia,Boone,90.7735294117647,420,20.906999999999996,17.8,41.9,415.2,386.2,89.34,25.168406815
649,54011,West Virginia,Cabell,76.84705882352941,1572,19.430999999999997,12.2,36.7,325.9,345.2,73.16,23.736024529
650,54019,West Virginia,Fayette,87.1764705882353,804,21.759,16.2,40.9,394.8,286.1,76.23,24.772107746
651,54027,West Virginia,Hampshire,70.52941176470588,149,23.43,10.5,39.2,314.6,283.4,54.23,22.031452094000002
652,54033,West Virginia,Harrison,83.07058823529411,691,19.775,14.0,36.9,408.5,286.0,76.48,23.441387565
653,54037,West Virginia,Jefferson,54.28823529411764,659,16.736,9.7,33.5,341.1,209.0,57.96,20.437374770999998
654,54039,West Virginia,Kanawha,82.15294117647059,3915,21.188000000000002,13.2,37.7,362.6,291.3,65.47,20.755555128
655,54045,West Virginia,Logan,92.69705882352943,807,21.05,18.6,42.4,441.8,666.9,95.84,24.734485315
656,54047,West Virginia,McDowell,92.58823529411764,139,22.833000000000002,13.7,44.9,486.5,395.8,104.7,29.523068819000002
657,54053,West Virginia,Mason,78.72647058823529,186,21.636,14.9,41.3,353.5,220.7,70.57,23.539484402
658,54055,West Virginia,Mercer,86.22941176470587,824,22.409000000000002,12.8,39.7,395.7,291.2,83.54,25.151661198000003
659,54057,West Virginia,Mineral,72.38823529411766,263,22.149,11.6,35.9,350.0,267.1,55.03,21.169329249
660,54061,West Virginia,Monongalia,52.89411764705883,2409,13.222000000000001,10.2,30.5,339.8,293.5,55.23,20.209792371
661,54069,West Virginia,Ohio,69.63235294117648,654,22.228,10.6,32.1,358.2,249.6,68.77,21.636591101
662,54079,West Virginia,Putnam,70.47058823529409,1014,18.898,10.3,39.6,374.3,232.9,61.05,20.030867401
663,54081,West Virginia,Raleigh,86.0235294117647,889,21.197,14.7,38.5,429.2,272.7,78.63,24.712349185999997
664,54099,West Virginia,Wayne,81.7529411764706,636,21.725,15.1,42.2,329.8,285.7,73.95,23.050274397
665,54107,West Virginia,Wood,86.3941176470588,775,20.91,15.1,39.7,390.1,322.9,66.05,23.636736029
666,55001,Wisconsin,Adams,71.50588235294117,654,30.158,13.9,31.9,324.4,403.3,51.25,16.440736811
667,55009,Wisconsin,Brown,50.71764705882353,16937,15.425,9.4,33.1,328.2,306.0,39.68,14.962851844000001
668,55021,Wisconsin,Columbia,57.92058823529411,2165,18.387999999999998,7.9,45.0,308.9,296.1,51.64,14.981969487999999
669,55025,Wisconsin,Dane,16.11764705882353,17372,14.225999999999999,5.7,23.2,240.9,194.8,33.88,12.442923627999999
670,55027,Wisconsin,Dodge,55.84705882352941,5199,18.211,9.7,37.6,315.9,259.0,40.08,15.475755585
671,55039,Wisconsin,Fond du Lac,37.664705882352926,5633,19.005,6.9,31.5,288.0,212.2,38.8,15.788275920999999
672,55055,Wisconsin,Jefferson,32.758823529411764,3283,17.666,6.3,32.0,303.7,185.9,35.68,15.021069678
673,55059,Wisconsin,Kenosha,46.923529411764704,6381,14.571,7.2,31.2,353.7,238.2,61.53,17.017955366
674,55063,Wisconsin,La Crosse,29.59411764705883,4905,16.891,6.1,26.3,253.9,244.0,44.16,14.832192712000001
675,55079,Wisconsin,Milwaukee,50.941176470588225,47812,13.988,9.7,31.6,363.7,245.0,43.68,17.817309912
676,55101,Wisconsin,Racine,53.164705882352955,9448,17.137,9.1,38.6,340.5,195.5,45.1,15.414274165
677,55105,Wisconsin,Rock,62.82352941176471,6139,17.078,10.5,36.8,328.1,255.1,55.37,17.345920315999997
678,55111,Wisconsin,Sauk,46.582352941176474,2165,19.057000000000002,8.7,34.7,309.6,194.4,42.59,17.562534105999998
679,55117,Wisconsin,Sheboygan,36.411764705882355,5741,18.549,5.6,33.0,316.2,176.3,37.72,15.390951570999999
680,55127,Wisconsin,Walworth,44.14411764705882,4022,18.355,7.7,33.1,313.2,195.4,51.75,15.453405129
681,55131,Wisconsin,Washington,31.082352941176477,5539,18.472,6.3,30.3,283.8,202.1,35.69,13.519685850999998
682,55133,Wisconsin,Waukesha,27.811764705882354,15022,19.186,8.0,27.0,237.6,174.0,36.2,12.194141698
683,55139,Wisconsin,Winnebago,42.617647058823536,10157,16.816,8.0,37.0,265.6,212.4,44.69,15.258878360999999
