,FIPS,% Veterans in Civilian Adult Population
1,28151,5.255
2,28111,6.742
3,28019,6.535
4,28057,7.026
5,28015,7.537
6,28043,6.812
7,28063,4.701
8,28041,7.647
9,28093,6.489
10,28119,4.818
11,28011,4.651
12,28073,8.393
13,28081,6.439
14,28113,6.4
15,28135,4.327
16,28129,7.874
17,28131,10.128
18,28149,7.549
19,28023,8.323
20,28069,5.565
21,28097,6.482
22,28105,4.054
23,28109,9.337
24,28079,5.275
25,28103,4.595
26,28099,6.303
27,28121,7.165
28,28137,6.622
29,28077,5.247
30,28107,5.247
31,28161,5.093
32,28017,4.155
33,28029,5.384
34,28039,7.914
35,28049,6.36
36,28101,8.363
37,28145,4.662
38,28125,3.811
39,28139,5.343
40,28035,8.018
41,28045,11.117
42,28071,4.284
43,28055,3.369
44,28087,10.883
45,28083,2.689
46,28157,4.094
47,28047,14.226
48,28065,7.961
49,28085,5.326
50,28123,6.083
51,28159,6.488
52,28163,6.859
53,28009,7.392
54,28037,5.836
55,28061,8.442
56,28067,6.933
57,28095,7.22
58,28133,4.715
59,28155,6.605
60,28001,6.226
61,28025,7.269
62,28031,6.333
63,28053,3.847
64,29195,8.38
65,29123,10.874
66,29229,10.348
67,29217,9.111
68,29147,5.328
69,29041,8.942
70,29079,8.912
71,29141,11.079
72,29223,12.398
73,29017,8.613
74,29031,7.832
75,29205,9.346
76,29225,8.85
77,29005,10.103
78,29013,9.062
79,29015,13.227
80,29035,9.976
81,29057,12.196
82,29115,8.36
83,29091,10.631
84,29101,14.668
85,29105,11.559
86,29125,12.677
87,29161,10.583
88,29165,9.39
89,29187,8.959
90,29003,8.269
91,29033,8.673
92,29061,10.148
93,29103,10.647
94,29127,10.331
95,29151,8.337
96,29181,10.327
97,29219,10.272
98,29007,8.957
99,29043,10.127
100,29077,8.167
101,29081,9.511
102,29185,14.214
103,29001,6.806
104,29199,7.353
105,29211,6.816
106,29045,9.658
107,29099,9.373
108,29111,10.149
109,29143,9.085
110,29157,8.69
111,29173,10.936
112,29177,9.387
113,29189,7.438
114,29209,13.485
115,29009,10.641
116,29019,6.693
117,29039,11.399
118,29055,10.947
119,29093,10.82
120,29117,7.771
121,29135,8.806
122,29149,13.116
123,29069,7.62
124,29159,9.334
125,29186,10.025
126,29175,9.09
127,29071,9.782
128,29089,9.899
129,29095,7.891
130,29131,9.577
131,29169,25.524
132,29171,11.257
133,29213,10.119
134,29215,13.278
135,29021,8.854
136,29025,11.952
137,29027,9.794
138,29037,10.943
139,29049,12.129
140,29053,7.944
141,29059,11.308
142,29075,9.471
143,29085,12.365
144,29113,9.003
145,29133,7.814
146,29137,11.066
147,29145,9.884
148,29153,11.656
149,29163,9.769
150,29183,8.299
151,30017,10.812
152,30041,8.867
153,30075,6.652
154,30067,10.527
155,30085,8.963
156,30005,9.729
157,30051,10.246
158,30083,8.058
159,30099,11.395
160,30101,11.428
161,30025,5.915
162,30019,9.287
163,30045,9.688
164,30093,9.858
165,30023,10.104
166,30043,12.784
167,30055,8.609
168,30107,8.543
169,30087,10.66
170,30011,6.88
171,30021,8.053
172,30007,14.362
173,30047,10.955
174,30073,11.549
175,30111,9.976
176,30081,13.027
177,30105,9.465
178,30027,9.384
179,30061,16.492
180,30069,12.428
181,30089,15.528
182,30029,11.371
183,30109,9.893
184,30059,8.0
185,30009,12.727
186,30071,11.034
187,31001,8.043
188,31109,6.459
189,31011,9.924
190,31149,7.857
191,31007,7.565
192,31163,8.571
193,31147,11.867
194,31093,8.637
195,31089,8.905
196,31065,9.079
197,31073,9.65
198,31151,6.642
199,31153,14.552
200,31173,7.093
201,31177,10.676
202,31015,12.854
203,31031,8.835
204,31053,8.974
205,31059,8.742
206,31069,12.798
207,31091,12.931
208,31123,8.093
209,31127,9.508
210,31159,7.318
211,31171,9.903
212,31043,6.596
213,31181,8.351
214,31003,10.286
215,31023,9.294
216,31035,8.493
217,31041,10.1
218,31067,8.108
219,31081,10.014
220,31099,9.089
221,31101,10.558
222,31119,7.259
223,31135,9.311
224,31155,8.955
225,31179,5.989
226,31103,6.84
227,31107,10.757
228,31111,9.472
229,31139,8.315
230,31165,8.076
231,31025,13.29
232,31051,8.285
233,31057,9.878
234,31077,9.63
235,31079,7.536
236,31131,10.374
237,31145,9.348
238,31045,8.912
239,31033,10.025
240,31047,6.893
241,31175,9.875
242,31117,10.571
243,31125,10.102
244,31167,8.977
245,31083,11.303
246,31009,12.267
247,31019,6.662
248,31049,11.074
249,31087,11.177
250,31141,8.154
251,31169,9.027
252,31013,8.01
253,32001,16.675
254,32005,13.132
255,32027,11.75
256,32009,12.866
257,32013,7.345
258,32021,16.173
259,32033,8.743
260,32007,8.306
261,32017,10.47
262,32023,15.609
263,32029,14.897
264,32031,9.275
265,32003,8.818
266,32510,10.729
267,32019,15.24
268,33005,9.023
269,33013,9.136
270,33009,8.349
271,33015,8.943
272,33001,11.764
273,33019,10.873
274,33011,8.3
275,33017,8.925
276,33007,11.839
277,33003,10.357
278,34025,5.321
279,34037,6.821
280,34011,5.58
281,34013,3.128
282,34029,8.348
283,34015,6.653
284,34033,7.7
285,34031,3.491
286,34007,6.067
287,34003,3.82
288,34041,6.619
289,34017,2.293
290,34005,8.508
291,34027,4.86
292,35039,7.565
293,35047,9.378
294,35057,12.608
295,35035,16.866
296,35006,8.728
297,35019,10.394
298,35003,13.058
299,35017,11.827
300,35029,8.166
301,35031,5.812
302,35055,9.373
303,35007,12.697
304,35015,8.564
305,35033,9.135
306,35037,8.657
307,35027,13.498
308,35025,4.849
309,35049,8.239
310,35051,16.351
311,35053,7.938
312,35013,8.98
313,36095,9.257
314,36067,6.984
315,36019,8.889
316,36099,8.784
317,36079,5.189
318,36033,8.336
319,36069,8.32
320,36081,2.365
321,36101,11.015
322,36041,10.437
323,36115,9.036
324,36013,8.226
325,36047,1.916
326,36061,2.329
327,36107,10.065
328,36011,8.572
329,36073,9.852
330,36091,8.707
331,36087,3.759
332,36021,8.256
333,36049,8.449
334,36063,8.523
335,36119,3.883
336,36025,8.777
337,36031,8.582
338,36057,7.801
339,36059,4.29
340,36085,4.375
341,36097,10.295
342,36109,4.719
343,36017,9.462
344,36023,7.167
345,36045,13.601
346,36065,8.647
347,36103,5.472
348,36121,8.248
349,36015,9.022
350,36075,9.421
351,36077,8.09
352,36117,9.122
353,36001,6.106
354,36007,7.581
355,36029,7.336
356,36053,8.373
357,36105,7.699
358,37121,7.046
359,36037,8.723
360,36071,7.122
361,37079,6.409
362,37041,11.619
363,37027,7.751
364,37035,8.313
365,37049,15.776
366,37065,7.328
367,37085,14.39
368,37089,10.701
369,37095,5.109
370,37119,6.017
371,37131,8.122
372,37159,8.795
373,37181,6.75
374,37053,14.997
375,37179,7.3
376,37067,8.021
377,37127,8.71
378,37017,7.072
379,37055,11.59
380,37185,9.271
381,37195,8.684
382,37015,6.984
383,37073,8.948
384,37075,7.836
385,37117,7.275
386,37115,8.676
387,37137,14.994
388,37143,12.473
389,37149,9.155
390,37151,8.126
391,37157,8.0
392,37169,8.691
393,37187,8.39
394,37029,17.627
395,37043,9.984
396,37051,19.835
397,37071,7.923
398,37081,7.022
399,37099,8.463
400,37125,11.496
401,37155,6.813
402,37167,7.537
403,37183,6.509
404,37199,6.484
405,37037,7.995
406,37111,7.71
407,37101,9.169
408,37103,11.09
409,37145,8.048
410,37019,12.787
411,37009,6.961
412,37013,8.352
413,37107,9.327
414,37161,7.742
415,37109,8.572
416,37133,22.361
417,37135,5.014
418,37163,7.115
419,37197,8.016
420,37011,6.568
421,37023,8.588
422,37033,8.43
423,37059,8.998
424,37061,7.407
425,37063,6.326
426,37105,8.961
427,37129,8.465
428,37191,13.745
429,37165,8.217
430,37083,6.992
431,37001,7.321
432,38013,6.42
433,38061,8.292
434,38105,7.775
435,38007,4.539
436,38043,7.763
437,38019,8.626
438,38037,9.9
439,38067,11.668
440,38091,11.264
441,38041,8.018
442,38045,8.595
443,38059,7.952
444,38017,6.513
445,38025,11.148
446,38029,7.806
447,38051,8.055
448,38063,10.78
449,38077,8.108
450,38079,6.008
451,38099,7.995
452,38001,6.436
453,38009,10.983
454,38003,9.183
455,38027,8.43
456,38035,8.056
457,38053,7.421
458,38057,9.673
459,38055,9.082
460,38069,7.632
461,38073,9.9
462,38085,5.409
463,38011,7.718
464,38033,8.396
465,38047,8.039
466,38095,8.593
467,38093,7.969
468,38023,8.824
469,38031,9.112
470,38081,7.939
471,38087,8.137
472,38089,8.185
473,39053,7.41
474,39077,8.315
475,39009,6.025
476,39001,8.427
477,39103,8.22
478,39159,6.876
479,39021,8.888
480,39125,9.169
481,39057,12.217
482,39049,6.668
483,39101,9.395
484,39115,8.84
485,39169,7.081
486,39175,8.506
487,39017,7.58
488,39067,9.839
489,39083,9.138
490,39139,9.594
491,39163,7.985
492,39063,7.952
493,39045,9.39
494,39039,8.747
495,39069,8.105
496,39081,9.588
497,39137,7.15
498,39027,8.84
499,39047,9.333
500,39129,8.505
501,39091,8.873
502,39153,7.603
503,39143,8.872
504,39149,8.178
505,27033,8.844
506,27139,5.681
507,27039,8.429
508,27157,9.731
509,27117,7.237
510,27035,10.778
511,27107,8.768
512,27171,7.094
513,27103,6.582
514,27041,9.308
515,27051,8.799
516,27069,8.78
517,27079,8.14
518,27087,9.132
519,27025,9.404
520,27127,8.291
521,27173,9.002
522,27153,10.577
523,27007,8.619
524,27013,6.977
525,27055,8.957
526,27073,8.665
527,27077,9.948
528,27111,9.397
529,27161,7.837
530,27137,9.273
531,27003,7.614
532,27145,7.701
533,27081,9.989
534,27089,8.36
535,27095,10.099
536,27163,7.182
537,27017,9.871
538,27065,10.995
539,27071,10.509
540,27125,9.659
541,27097,9.84
542,27131,6.976
543,27147,8.075
544,27001,13.964
545,27043,10.231
546,27101,9.559
547,27067,7.352
548,27075,10.608
549,27133,7.15
550,27143,7.496
551,27155,11.01
552,27005,10.572
553,27053,5.692
554,27015,8.532
555,27023,9.283
556,27029,11.809
557,27057,12.54
558,27059,8.486
559,27091,10.004
560,27099,8.967
561,27115,9.108
562,27109,7.075
563,27159,8.763
564,27009,7.802
565,27047,9.504
566,27085,8.969
567,27121,9.41
568,27149,5.524
569,27151,8.845
570,28051,3.155
571,28005,6.045
572,28013,4.348
573,28141,7.72
574,28153,5.694
575,48015,6.478
576,48261,0.0
577,48355,9.777
578,48089,7.651
579,48409,9.177
580,48379,12.661
581,48381,8.88
582,48385,10.721
583,48411,8.022
584,48413,3.695
585,48431,4.914
586,48507,4.317
587,48057,7.169
588,48065,9.597
589,48155,6.894
590,48161,8.337
591,48175,9.456
592,48193,9.159
593,48197,7.705
594,48335,7.874
595,48045,6.375
596,48285,8.62
597,48445,3.921
598,48243,13.591
599,48479,2.847
600,48247,5.079
601,48339,7.885
602,48111,6.731
603,48011,10.855
604,48069,4.139
605,48273,7.189
606,48489,3.525
607,48107,4.801
608,48151,9.233
609,48131,6.065
610,48031,12.533
611,48241,8.074
612,48271,22.718
613,48117,4.56
614,48167,8.76
615,48283,2.851
616,48393,7.73
617,48457,10.461
618,48483,8.113
619,48037,10.012
620,48043,10.358
621,48263,7.045
622,48423,7.156
623,48105,6.04
624,48199,8.977
625,48227,8.589
626,48289,11.156
627,48337,10.853
628,48365,8.667
629,49027,7.435
630,49053,9.236
631,49025,10.158
632,49019,7.706
633,49033,10.896
634,49051,5.244
635,49003,6.418
636,49021,7.562
637,49041,7.521
638,49057,8.035
639,49013,6.11
640,49037,5.248
641,49035,5.107
642,49047,5.412
643,49009,5.979
644,49011,7.564
645,49055,5.168
646,49007,7.741
647,49015,7.083
648,49029,7.737
649,49005,4.136
650,49017,10.205
651,49023,6.933
652,50021,7.985
653,50019,9.027
654,50013,8.732
655,50017,9.166
656,50007,6.018
657,50015,7.315
658,50027,9.124
659,50005,8.538
660,51185,6.808
661,50025,7.603
662,50001,6.988
663,50023,7.913
664,51610,9.396
665,51685,7.177
666,51735,14.459
667,51183,9.385
668,51820,8.759
669,51770,8.284
670,51775,9.697
671,51710,16.208
672,51037,10.607
673,51059,8.621
674,51081,9.422
675,51095,15.812
676,51167,4.994
677,51173,8.419
678,51678,3.787
679,51031,9.178
680,51089,9.565
681,51099,18.277
682,51103,13.248
683,51105,8.246
684,51115,12.919
685,51119,13.727
686,51149,17.566
687,51165,7.41
688,51169,8.237
689,51181,12.447
690,51011,11.112
691,51067,8.751
692,51097,12.859
693,51121,5.54
694,51127,11.513
695,51049,9.932
696,51075,8.738
697,51083,9.657
698,51113,7.981
699,51153,12.754
700,51175,12.62
701,51091,14.865
702,51025,9.202
703,51033,13.697
704,51073,15.1
705,51131,11.807
706,51141,8.497
707,51145,10.012
708,51163,8.073
709,51171,10.12
710,51061,11.417
711,51036,10.075
712,51047,9.762
713,51053,9.641
714,51079,10.687
715,51085,9.144
716,51111,10.721
717,51137,11.225
718,51660,3.193
719,51595,5.214
720,51197,9.576
721,51550,15.706
722,51003,7.713
723,51019,10.488
724,51023,10.838
725,51195,7.192
726,51520,8.312
727,51740,16.091
728,51830,8.018
729,51005,8.859
730,51035,7.593
731,51191,8.611
732,51133,13.065
733,51139,8.512
734,51187,10.706
735,51510,8.644
736,51630,9.034
737,51650,18.388
738,51013,6.652
739,51670,11.988
740,51027,4.059
741,51069,10.325
742,51179,19.839
743,51199,19.932
744,51760,6.476
745,51125,10.112
746,51143,8.606
747,51720,7.956
748,51065,11.315
749,51007,9.626
750,51840,8.923
751,51001,10.473
752,51063,8.495
753,51077,7.746
754,51135,8.695
755,54033,9.761
756,54069,8.72
757,54013,6.928
758,54065,11.195
759,54081,10.106
760,54007,8.23
761,54001,9.573
762,54047,6.507
763,54099,7.669
764,54109,8.784
765,54035,9.581
766,54055,9.081
767,54097,8.733
768,54101,8.18
769,54003,11.879
770,54019,10.965
771,54023,9.821
772,54027,11.284
773,54089,8.889
774,54009,9.916
775,54017,8.134
776,54057,11.463
777,54025,9.475
778,54031,11.929
779,54049,9.493
780,54059,6.402
781,54029,10.689
782,54041,9.465
783,54067,9.091
784,54075,8.722
785,54095,10.206
786,54083,9.579
787,54091,12.112
788,54105,11.953
789,54015,7.267
790,54021,6.962
791,54061,5.824
792,54063,9.808
793,54103,8.114
794,54011,8.378
795,54039,8.734
796,54071,10.468
797,54077,8.415
798,53035,16.795
799,53033,6.075
800,53051,15.105
801,53055,10.797
802,53075,5.221
803,53077,6.601
804,53015,11.714
805,53019,12.727
806,53041,12.826
807,53027,13.108
808,53029,20.184
809,53069,13.962
810,53021,5.932
811,53025,8.269
812,53073,7.943
813,53047,10.938
814,53037,9.389
815,53005,9.102
816,53013,14.37
817,53003,12.636
818,53023,12.979
819,53045,14.186
820,53065,13.657
821,53063,11.291
822,53007,8.369
823,55105,8.755
824,55137,10.829
825,55001,11.899
826,55007,11.393
827,55065,7.892
828,55081,14.174
829,55093,7.358
830,55141,9.563
831,55003,9.351
832,55015,6.665
833,55037,12.689
834,55019,7.817
835,55055,7.866
836,55059,7.936
837,55051,11.914
838,55109,7.339
839,55083,10.795
840,55069,9.962
841,55135,10.889
842,55005,9.105
843,55113,10.424
844,55047,8.488
845,55077,12.721
846,55075,12.096
847,55101,8.286
848,55139,8.482
849,55041,10.644
850,55043,6.717
851,55107,10.107
852,55117,7.829
853,55067,10.417
854,55087,7.17
855,55123,8.211
856,55021,8.792
857,55061,7.658
858,55009,7.527
859,55073,8.228
860,55085,10.646
861,55121,7.79
862,55129,11.359
863,55027,8.591
864,55127,6.628
865,55023,9.494
866,55071,8.776
867,55111,8.167
868,55013,12.757
869,55017,9.624
870,55029,9.479
871,55031,10.71
872,55053,10.494
873,55049,8.378
874,55089,6.318
875,55103,8.726
876,56005,9.209
877,56019,12.6
878,56025,9.442
879,56009,12.243
880,56027,8.126
881,56039,5.283
882,56037,8.256
883,56031,11.198
884,56029,11.223
885,56033,11.439
886,56003,10.489
887,56011,13.057
888,56001,7.072
889,56007,7.702
890,56015,10.006
891,56041,7.919
892,56043,12.006
893,56017,13.598
894,56013,9.715
895,56035,9.451
896,56045,10.849
897,72065,2.646
898,72069,2.892
899,72101,1.511
900,72097,2.749
901,72139,2.698
902,72115,2.881
903,72099,2.015
904,72049,4.004
905,72123,3.778
906,72017,2.302
907,72153,2.814
908,72061,4.226
909,72023,1.002
910,72053,5.033
911,72109,2.562
912,72117,3.219
913,72007,1.761
914,72021,3.726
915,72035,3.838
916,72095,3.136
917,72111,4.201
918,72131,1.705
919,72135,2.171
920,72147,5.999
921,72151,2.28
922,72025,3.612
923,72029,2.727
924,72043,5.106
925,72051,3.447
926,72019,1.586
927,72107,1.133
928,72011,1.695
929,72037,4.554
930,72045,1.131
931,72071,2.631
932,72081,2.161
933,72085,1.852
934,72127,3.244
935,72143,1.931
936,72093,1.706
937,72009,1.888
938,72077,2.976
939,72121,3.649
940,72067,3.217
941,72001,2.011
942,72027,2.288
943,72055,3.628
944,72091,2.062
945,72103,1.518
946,72105,1.755
947,72125,3.901
948,72141,2.348
949,72013,2.993
950,72015,0.842
951,72033,2.941
952,72054,1.95
953,01099,8.872
954,01079,6.088
955,01081,8.004
956,01107,8.076
957,01119,5.645
958,01023,7.396
959,01091,6.463
960,01113,13.126
961,01039,9.959
962,01041,7.111
963,01077,8.377
964,01085,4.629
965,01083,9.945
966,01115,9.839
967,01133,8.439
968,01043,8.084
969,01051,10.557
970,01071,7.09
971,01121,8.111
972,01129,8.114
973,01031,16.952
974,01103,8.871
975,01021,8.109
976,01033,8.961
977,01045,17.772
978,01055,9.2
979,01049,6.847
980,01075,7.085
981,01111,8.194
982,01097,8.866
983,01127,8.014
984,01029,6.229
985,01063,6.505
986,01005,7.672
987,01011,4.34
988,01015,10.656
989,01025,5.951
990,01101,9.479
991,01095,8.574
992,01067,9.093
993,01089,11.765
994,01123,9.039
995,02016,5.754
996,01131,5.49
997,02068,6.159
998,02122,11.323
999,02060,13.324
1000,02150,11.385
1001,02188,5.923
1002,02050,5.585
1003,02185,8.375
1004,02220,10.631
1005,02090,16.769
1006,02130,10.365
1007,02170,14.065
1008,02180,6.887
1009,02070,4.565
1010,02100,6.888
1011,02282,7.57
1012,02110,9.641
1013,02164,5.689
1014,02240,16.469
1015,02290,8.956
1016,02020,13.138
1017,02013,4.33
1018,02230,7.763
1019,02198,11.062
1020,02195,10.434
1021,02158,4.661
1022,04013,7.918
1023,04009,7.471
1024,04023,4.99
1025,04012,14.895
1026,04015,14.456
1027,04005,6.527
1028,04027,10.122
1029,04011,9.09
1030,04021,10.821
1031,05123,7.124
1032,05145,8.945
1033,05099,5.884
1034,05037,6.93
1035,05043,8.571
1036,05027,7.861
1037,05125,10.233
1038,05141,9.815
1039,05065,12.81
1040,05079,6.802
1041,05083,9.043
1042,05035,6.911
1043,05047,10.066
1044,05109,9.28
1045,05069,7.664
1046,05097,11.155
1047,05127,9.398
1048,05131,8.169
1049,05007,8.219
1050,05017,6.275
1051,05071,9.146
1052,05077,4.826
1053,05115,9.162
1054,05041,5.955
1055,05049,11.821
1056,05051,11.223
1057,05117,8.99
1058,39161,8.53
1059,39167,10.331
1060,39171,8.076
1061,39011,7.187
1062,39029,10.339
1063,39037,8.959
1064,39123,10.538
1065,39051,8.538
1066,39065,7.319
1067,39079,7.557
1068,39095,7.169
1069,39117,9.237
1070,39121,13.714
1071,39135,9.499
1072,39147,8.307
1073,39151,8.925
1074,39003,8.099
1075,39031,8.686
1076,39033,10.555
1077,39041,6.696
1078,39059,10.153
1079,39073,9.996
1080,39107,7.471
1081,39141,9.56
1082,39035,6.837
1083,39093,8.508
1084,39109,9.539
1085,39113,10.01
1086,39155,9.906
1087,39173,6.963
1088,39007,10.182
1089,40001,7.812
1090,40137,9.674
1091,40025,9.873
1092,40019,8.889
1093,40053,10.796
1094,40055,9.412
1095,40087,9.306
1096,40091,12.32
1097,40099,9.88
1098,40103,7.736
1099,40115,9.435
1100,40135,10.089
1101,40145,10.671
1102,40151,6.61
1103,40015,8.653
1104,40101,9.293
1105,40107,8.111
1106,40013,8.903
1107,40059,7.113
1108,40071,10.07
1109,40035,7.872
1110,40143,7.929
1111,40017,9.198
1112,40057,4.356
1113,40127,12.685
1114,40077,11.706
1115,40113,9.227
1116,40139,2.991
1117,40047,9.381
1118,40069,9.119
1119,40121,11.573
1120,40129,6.713
1121,40153,6.974
1122,40021,9.098
1123,40041,11.013
1124,40045,7.66
1125,40051,9.698
1126,40119,5.441
1127,40125,10.4
1128,40037,9.467
1129,40141,8.991
1130,40149,8.826
1131,40033,10.482
1132,40075,9.77
1133,40079,10.368
1134,40089,8.918
1135,40093,7.548
1136,40097,10.401
1137,40109,8.905
1138,40039,6.805
1139,40007,5.202
1140,40085,8.165
1141,40009,6.818
1142,40023,9.485
1143,40065,14.902
1144,40081,11.236
1145,41047,8.481
1146,41029,10.958
1147,41023,12.918
1148,41031,10.407
1149,41005,8.73
1150,41043,11.709
1151,41057,12.171
1152,41001,14.993
1153,41033,13.046
1154,41059,9.667
1155,41041,13.971
1156,41009,12.66
1157,41055,12.23
1158,41065,11.449
1159,41039,9.305
1160,41045,8.721
1161,41067,7.263
1162,41049,10.892
1163,41007,12.053
1164,41015,15.609
1165,41021,13.219
1166,41037,13.056
1167,41061,10.125
1168,42045,6.283
1169,42119,7.165
1170,42127,10.68
1171,42043,8.251
1172,42129,9.282
1173,42053,9.193
1174,42089,8.178
1175,42101,4.852
1176,42013,9.96
1177,42021,10.195
1178,42011,7.343
1179,42061,9.71
1180,42073,8.946
1181,42087,10.471
1182,42041,9.445
1183,42003,7.641
1184,42109,7.285
1185,42115,10.476
1186,42039,9.298
1187,42049,9.229
1188,42057,9.18
1189,42067,8.012
1190,42107,9.652
1191,42131,9.363
1192,42001,9.498
1193,42005,10.123
1194,42035,9.277
1195,42025,10.647
1196,42027,6.079
1197,42097,9.36
1198,42095,7.723
1199,42023,12.03
1200,42121,10.893
1201,42007,9.404
1202,42017,6.934
1203,42069,8.337
1204,42083,10.243
1205,42051,9.186
1206,42091,6.368
1207,42059,9.22
1208,42075,8.936
1209,42079,8.652
1210,42093,9.918
1211,42037,7.847
1212,42019,9.386
1213,42065,9.073
1214,42071,7.218
1215,42099,9.656
1216,42105,11.386
1217,42117,10.661
1218,44007,5.577
1219,44001,6.824
1220,44005,10.734
1221,45003,10.057
1222,45071,7.331
1223,45037,9.46
1224,45027,8.883
1225,45029,9.441
1226,45085,14.049
1227,45063,9.969
1228,45011,7.828
1229,45091,8.747
1230,45015,14.061
1231,45031,9.028
1232,45043,10.044
1233,45007,9.24
1234,45025,6.343
1235,45047,8.305
1236,45051,10.693
1237,45055,12.45
1238,45075,7.179
1239,45001,8.017
1240,45009,7.152
1241,45017,10.889
1242,45033,6.237
1243,45079,10.206
1244,45039,7.934
1245,45049,8.126
1246,45045,7.78
1247,45057,8.649
1248,45035,13.711
1249,45041,8.229
1250,45059,8.307
1251,45065,12.528
1252,45077,7.853
1253,45087,8.298
1254,45089,6.592
1255,46003,9.309
1256,46051,9.156
1257,46123,5.745
1258,46071,10.634
1259,46099,7.571
1260,46033,14.472
1261,46069,5.508
1262,46025,7.027
1263,46049,7.226
1264,46077,8.447
1265,46129,10.294
1266,46027,7.636
1267,46037,11.204
1268,46043,9.458
1269,46063,9.812
1270,46089,11.217
1271,46109,8.282
1272,46119,8.58
1273,46083,7.751
1274,46079,8.268
1275,46081,10.35
1276,46029,10.573
1277,46019,11.136
1278,46031,8.832
1279,46045,8.034
1280,46021,6.201
1281,46007,7.494
1282,46055,7.997
1283,46075,6.151
1284,46093,13.676
1285,46087,8.725
1286,46125,8.929
1287,46013,7.323
1288,46061,11.006
1289,46095,3.498
1290,46105,11.394
1291,46103,13.266
1292,46127,8.74
1293,46097,7.776
1294,46137,3.918
1295,46039,10.448
1296,46009,8.592
1297,46015,6.24
1298,46047,15.462
1299,46053,7.481
1300,46102,6.287
1301,47119,7.963
1302,47173,9.814
1303,47125,19.783
1304,47043,7.947
1305,47129,9.74
1306,47061,6.537
1307,47123,10.217
1308,47079,10.858
1309,47029,9.628
1310,47033,7.689
1311,47041,7.431
1312,47095,6.481
1313,47093,8.075
1314,47101,7.501
1315,47107,7.698
1316,47117,6.731
1317,47131,7.769
1318,47143,9.533
1319,47151,7.695
1320,47167,11.868
1321,47001,10.406
1322,47045,7.201
1323,47049,8.73
1324,47053,8.974
1325,47065,8.103
1326,47105,11.005
1327,47149,7.885
1328,47159,7.697
1329,47189,8.624
1330,47163,9.944
1331,47177,7.056
1332,47179,10.541
1333,47005,11.032
1334,47013,8.335
1335,47015,8.791
1336,47047,8.795
1337,47067,7.34
1338,47091,11.087
1339,47103,8.606
1340,47127,11.513
1341,47051,10.031
1342,47009,9.762
1343,47099,8.242
1344,47019,9.814
1345,47057,9.068
1346,47097,7.203
1347,47115,7.833
1348,47133,7.761
1349,47165,8.523
1350,47169,7.451
1351,47187,6.317
1352,47027,8.884
1353,47059,10.383
1354,47157,7.299
1355,47175,9.465
1356,47077,7.508
1357,47081,8.928
1358,47089,9.611
1359,47153,11.107
1360,47155,8.743
1361,47017,8.767
1362,47023,8.171
1363,47037,5.772
1364,47087,9.01
1365,47135,8.52
1366,47145,11.772
1367,47121,8.932
1368,47063,8.107
1369,47075,7.68
1370,48143,7.019
1371,48039,7.288
1372,48345,9.456
1373,48129,10.367
1374,48013,9.208
1375,48083,9.646
1376,48353,8.1
1377,48229,4.362
1378,48325,11.555
1379,48475,6.348
1380,48213,10.786
1381,48203,9.204
1382,48327,10.06
1383,48277,7.83
1384,48149,8.661
1385,48491,8.968
1386,48373,10.723
1387,48391,8.506
1388,48055,6.806
1389,48487,8.598
1390,48383,4.697
1391,48189,5.187
1392,48419,6.387
1393,48399,8.489
1394,48407,10.743
1395,48451,11.308
1396,48469,8.38
1397,48473,5.077
1398,48485,11.961
1399,48493,12.106
1400,48219,5.426
1401,48323,1.969
1402,48147,11.973
1403,48329,6.067
1404,48297,10.112
1405,48299,14.476
1406,48255,6.299
1407,48041,4.805
1408,48067,10.35
1409,48165,3.314
1410,48179,8.643
1411,48313,8.142
1412,48237,6.164
1413,48259,10.202
1414,48035,9.527
1415,48029,10.617
1416,48017,5.781
1417,48023,8.814
1418,48061,4.619
1419,48121,6.825
1420,48477,8.227
1421,48343,11.677
1422,48429,6.32
1423,48201,4.808
1424,48003,5.57
1425,48171,9.142
1426,48177,7.414
1427,48305,6.637
1428,48503,8.328
1429,48505,4.772
1430,48221,11.837
1431,48223,9.042
1432,48357,5.723
1433,48269,4.192
1434,48275,9.071
1435,48309,8.322
1436,48073,7.606
1437,48095,5.634
1438,48119,11.014
1439,48137,13.349
1440,48133,8.288
1441,48253,8.207
1442,48389,5.904
1443,48403,14.834
1444,48421,4.855
1445,48437,5.229
1446,48231,9.455
1447,48063,7.669
1448,48195,5.786
1449,48187,15.562
1450,48077,9.922
1451,48217,9.963
1452,48347,6.956
1453,48369,5.151
1454,48377,1.311
1455,48465,9.155
1456,48135,5.661
1457,48173,4.487
1458,48185,8.118
1459,48085,6.104
1460,48005,9.141
1461,48101,5.669
1462,48209,7.209
1463,48397,7.782
1464,48295,7.047
1465,48321,8.77
1466,48371,7.148
1467,48401,7.625
1468,48447,7.069
1469,48471,8.229
1470,48499,11.828
1471,48007,12.892
1472,48075,5.699
1473,48081,7.858
1474,48099,21.015
1475,48211,5.447
1476,48341,4.663
1477,48349,8.365
1478,48405,11.083
1479,48417,9.537
1480,48427,1.625
1481,48461,6.129
1482,48021,11.748
1483,48191,6.483
1484,48159,11.231
1485,48163,3.98
1486,48281,21.999
1487,48319,11.081
1488,48125,8.122
1489,48439,7.389
1490,48001,8.603
1491,48239,7.32
1492,48331,8.973
1493,48093,8.26
1494,48047,4.742
1495,19029,9.184
1496,19035,10.241
1497,19047,7.016
1498,19057,9.666
1499,19065,9.014
1500,19085,9.511
1501,19109,10.535
1502,19129,9.762
1503,19133,10.196
1504,19139,6.374
1505,19143,9.476
1506,19153,6.612
1507,19187,8.522
1508,19169,4.603
1509,19193,7.44
1510,19013,7.607
1511,19075,7.234
1512,19097,9.601
1513,19105,10.487
1514,19111,9.691
1515,19131,9.625
1516,19181,8.558
1517,19161,9.109
1518,19149,8.538
1519,19041,8.772
1520,19045,10.476
1521,20183,9.332
1522,20067,3.619
1523,20095,10.328
1524,20015,9.864
1525,20131,8.425
1526,20149,9.278
1527,20021,8.551
1528,20105,9.323
1529,20191,8.68
1530,20195,9.896
1531,20205,8.87
1532,20207,10.804
1533,20135,9.656
1534,20141,7.849
1535,20011,8.464
1536,20075,4.52
1537,20097,7.417
1538,20177,9.755
1539,20181,4.658
1540,20193,5.302
1541,20125,9.896
1542,20127,12.328
1543,20153,9.319
1544,20163,8.709
1545,20025,9.761
1546,20053,8.832
1547,20077,8.473
1548,20167,10.197
1549,20111,7.099
1550,20145,11.274
1551,20001,10.069
1552,20033,7.866
1553,20049,11.238
1554,20063,6.262
1555,20079,7.404
1556,20083,8.339
1557,20093,5.729
1558,20185,7.845
1559,20113,6.895
1560,20139,11.672
1561,20071,8.774
1562,20031,10.481
1563,20037,7.624
1564,20051,7.105
1565,20073,11.955
1566,20099,8.132
1567,20107,10.684
1568,20173,8.591
1569,20175,3.317
1570,20157,10.255
1571,20065,11.089
1572,20091,6.519
1573,20045,5.231
1574,20179,9.504
1575,20121,9.715
1576,20069,5.424
1577,20199,10.254
1578,20189,4.593
1579,20201,8.744
1580,20019,10.034
1581,20129,6.238
1582,20155,8.318
1583,20029,9.571
1584,20171,5.656
1585,20043,11.091
1586,20081,3.054
1587,20101,10.306
1588,20133,7.856
1589,20013,10.461
1590,20147,8.943
1591,20161,9.256
1592,20039,10.189
1593,20087,10.222
1594,21031,8.776
1595,21061,7.558
1596,21097,7.901
1597,21023,6.034
1598,21143,12.833
1599,21063,6.212
1600,21111,7.899
1601,21123,10.789
1602,21161,6.936
1603,21167,8.428
1604,21201,4.926
1605,21207,6.138
1606,21229,6.145
1607,21007,9.846
1608,21009,7.485
1609,21087,8.17
1610,21091,8.506
1611,21159,4.469
1612,21093,18.334
1613,21149,8.544
1614,21183,8.01
1615,21197,7.837
1616,21233,7.377
1617,21033,6.18
1618,21045,6.168
1619,21047,12.918
1620,21085,8.281
1621,21103,8.478
1622,21107,8.285
1623,21109,4.982
1624,21125,7.573
1625,21157,10.205
1626,21163,17.906
1627,21173,8.128
1628,21181,6.572
1629,21185,8.563
1630,21187,9.681
1631,21203,5.776
1632,21209,9.057
1633,21227,6.827
1634,21003,6.814
1635,21017,7.666
1636,21019,10.098
1637,21029,8.597
1638,21055,9.844
1639,21067,6.245
1640,21075,10.863
1641,21115,7.253
1642,21165,6.008
1643,21051,4.974
1644,21175,5.683
1645,21193,5.935
1646,21237,6.925
1647,21013,5.904
1648,21025,4.618
1649,21083,6.832
1650,21099,8.149
1651,21231,7.046
1652,21155,7.293
1653,21221,15.051
1654,21015,9.056
1655,21131,5.483
1656,21121,5.731
1657,21127,5.594
1658,21139,7.067
1659,21195,5.634
1660,21211,7.076
1661,21005,8.349
1662,21027,9.786
1663,21073,7.788
1664,21117,8.276
1665,21151,8.225
1666,21153,3.197
1667,21189,5.482
1668,21213,6.263
1669,21217,6.587
1670,21219,7.959
1671,21039,7.235
1672,21053,7.938
1673,21077,9.921
1674,21079,8.101
1675,21069,8.23
1676,21037,7.355
1677,22113,7.697
1678,22089,6.648
1679,22029,4.993
1680,22107,5.897
1681,22093,5.935
1682,22043,8.849
1683,22051,6.011
1684,22013,7.835
1685,22015,13.104
1686,22023,10.585
1687,22037,6.436
1688,22095,6.745
1689,22075,8.872
1690,22073,7.515
1691,22079,9.576
1692,22117,9.243
1693,22097,4.803
1694,22105,7.324
1695,22001,6.117
1696,22101,5.848
1697,22123,6.528
1698,22103,8.996
1699,22111,8.213
1700,22021,6.421
1701,22055,6.234
1702,22017,8.869
1703,22035,3.639
1704,22005,6.134
1705,22045,5.935
1706,22087,4.857
1707,22091,4.276
1708,22121,6.148
1709,22031,8.375
1710,22081,6.181
1711,22063,7.835
1712,22069,5.379
1713,22071,5.276
1714,22025,5.524
1715,22019,8.477
1716,22041,5.57
1717,22007,6.289
1718,22049,8.645
1719,22083,5.964
1720,22099,4.796
1721,22127,5.84
1722,22033,6.088
1723,22003,7.075
1724,22065,6.449
1725,23017,10.544
1726,23027,10.622
1727,23019,9.329
1728,23001,10.347
1729,23003,10.75
1730,23005,7.605
1731,23013,9.434
1732,23031,10.674
1733,23007,11.571
1734,23025,10.61
1735,24047,9.897
1736,24510,6.023
1737,24041,10.335
1738,24025,10.151
1739,24027,7.453
1740,24003,11.841
1741,24005,6.805
1742,24009,12.781
1743,24023,8.464
1744,24031,5.341
1745,24013,8.476
1746,24035,9.456
1747,24037,12.515
1748,24017,13.839
1749,24019,8.718
1750,24043,9.228
1751,24045,8.328
1752,24015,9.089
1753,24011,8.954
1754,25025,3.013
1755,25001,10.0
1756,25007,5.056
1757,25017,4.701
1758,25003,8.416
1759,25009,5.584
1760,25005,6.636
1761,25013,7.209
1762,25023,7.468
1763,25011,9.028
1764,25021,5.545
1765,25015,6.091
1766,25019,6.406
1767,26115,8.863
1768,26005,6.245
1769,26059,8.896
1770,26003,10.698
1771,26127,8.617
1772,26089,9.065
1773,26035,9.983
1774,26083,13.847
1775,26073,5.082
1776,26139,6.165
1777,26157,9.375
1778,26007,10.969
1779,26067,7.35
1780,26111,7.754
1781,26021,8.426
1782,26135,11.822
1783,26039,13.002
1784,26037,7.396
1785,26057,7.532
1786,26063,8.955
1787,26091,8.192
1788,26105,9.598
1789,26117,8.788
1790,26149,8.456
1791,26147,9.065
1792,26161,4.555
1793,26011,9.937
1794,26027,9.515
1795,26071,13.093
1796,26143,12.94
1797,26163,6.194
1798,26023,8.653
1799,26075,8.519
1800,26097,11.255
1801,26009,10.492
1802,26061,8.299
1803,26069,14.608
1804,26085,12.026
1805,26119,12.618
1806,26141,12.551
1807,26077,6.684
1808,26107,8.335
1809,26103,10.78
1810,26123,10.14
1811,26133,11.127
1812,26137,10.498
1813,26025,9.667
1814,26031,11.22
1815,26095,9.706
1816,26081,6.093
1817,26099,7.276
1818,26017,9.088
1819,26145,8.194
1820,26155,8.686
1821,26013,9.603
1822,26029,9.297
1823,26045,8.097
1824,26041,10.573
1825,26053,11.756
1826,26047,8.687
1827,05147,8.567
1828,05023,12.016
1829,05025,8.181
1830,05067,8.202
1831,05057,7.048
1832,05135,14.277
1833,05137,11.241
1834,05143,6.808
1835,05005,14.432
1836,05003,6.848
1837,05031,6.761
1838,05055,8.873
1839,05073,7.908
1840,05105,11.06
1841,05107,7.217
1842,05111,5.383
1843,05133,7.85
1844,05149,8.517
1845,05013,11.02
1846,05019,8.051
1847,05011,8.707
1848,05095,8.176
1849,05113,12.573
1850,05103,9.07
1851,05101,11.146
1852,05081,8.936
1853,05015,10.996
1854,05091,9.446
1855,06033,9.938
1856,06043,10.916
1857,06115,10.99
1858,06013,5.538
1859,06035,8.328
1860,06083,6.39
1861,06097,6.625
1862,06025,4.255
1863,06051,5.904
1864,06001,3.891
1865,06067,7.011
1866,06055,7.002
1867,06053,5.547
1868,06091,9.442
1869,06073,8.917
1870,06113,4.802
1871,06023,7.956
1872,06003,9.041
1873,06045,8.844
1874,06087,4.819
1875,06037,3.446
1876,06065,7.019
1877,06085,3.568
1878,06041,5.489
1879,06093,11.159
1880,06089,10.211
1881,06015,9.913
1882,06079,7.563
1883,06021,7.054
1884,06007,8.287
1885,06063,11.844
1886,06029,5.91
1887,06059,4.58
1888,06009,11.797
1889,06101,8.721
1890,06081,4.173
1891,06109,11.68
1892,06077,5.713
1893,06005,12.31
1894,08095,9.972
1895,08007,11.987
1896,08031,5.359
1897,08061,5.233
1898,08055,16.141
1899,08009,8.585
1900,08015,12.017
1901,08047,15.195
1902,08063,9.292
1903,08045,6.498
1904,08051,5.747
1905,08059,8.407
1906,08079,9.664
1907,08091,11.062
1908,08103,10.496
1909,08115,11.817
1910,08021,8.833
1911,08023,13.031
1912,08001,7.401
1913,08037,4.756
1914,08065,7.539
1915,08081,8.534
1916,08097,5.05
1917,08017,6.533
1918,08025,10.208
1919,08033,11.448
1920,08057,15.076
1921,08069,7.707
1922,08083,10.348
1923,08113,5.671
1924,08013,5.519
1925,08071,9.873
1926,08125,7.868
1927,08107,6.061
1928,08117,4.87
1929,08019,7.703
1930,08029,13.149
1931,08101,11.119
1932,08087,6.632
1933,08093,12.028
1934,08077,10.251
1935,08099,6.806
1936,08041,17.144
1937,08121,8.762
1938,08005,8.095
1939,08014,8.27
1940,09009,5.791
1941,09013,7.082
1942,09003,5.827
1943,09015,9.005
1944,09007,7.64
1945,10003,7.117
1946,10005,10.444
1947,11001,4.814
1948,12091,22.706
1949,12123,7.681
1950,12133,10.511
1951,12031,11.789
1952,12007,10.555
1953,12009,13.766
1954,12019,16.746
1955,12067,7.406
1956,12069,12.172
1957,12089,13.594
1958,12103,10.763
1959,12105,9.308
1960,12111,10.12
1961,12043,10.7
1962,12051,5.894
1963,12061,12.2
1964,12063,10.786
1965,12099,7.155
1966,12109,11.248
1967,12117,7.651
1968,12086,2.316
1969,12005,15.514
1970,12035,12.475
1971,12037,11.623
1972,12047,8.18
1973,12077,7.258
1974,12119,17.33
1975,12039,9.527
1976,12059,11.206
1977,12071,9.985
1978,12083,12.817
1979,12021,9.256
1980,12095,6.18
1981,12101,11.448
1982,12055,13.377
1983,12121,12.247
1984,12027,7.643
1985,12013,9.04
1986,12023,13.637
1987,12029,12.916
1988,12107,12.678
1989,12125,13.171
1990,12081,10.777
1991,12075,14.175
1992,12003,10.609
1993,12127,11.613
1994,12073,6.56
1995,12079,7.623
1996,12033,14.193
1997,12053,12.537
1998,13037,6.082
1999,13193,7.229
2000,13023,7.655
2001,13021,8.19
2002,13197,13.129
2003,13249,8.046
2004,13093,7.229
2005,13119,6.278
2006,13103,11.821
2007,13171,8.843
2008,13107,7.243
2009,13239,7.116
2010,13159,8.467
2011,13167,8.948
2012,13179,24.305
2013,13205,7.625
2014,13253,8.668
2015,13277,5.82
2016,13289,9.422
2017,13233,8.476
2018,13263,10.266
2019,13269,5.539
2020,13273,7.496
2021,13275,8.616
2022,13279,7.915
2023,13319,5.765
2024,13017,6.327
2025,13033,9.613
2026,13047,8.356
2027,13053,21.876
2028,13055,7.333
2029,13073,15.659
2030,13087,6.084
2031,13115,8.4
2032,13117,6.531
2033,13137,8.199
2034,13185,9.601
2035,13199,6.821
2036,13207,9.008
2037,13261,6.353
2038,13265,7.309
2039,13007,6.526
2040,13035,8.072
2041,13043,10.348
2042,13045,6.729
2043,13079,8.962
2044,13081,6.6
2045,13077,9.267
2046,13067,7.48
2047,13083,8.106
2048,13297,7.489
2049,13027,9.648
2050,13091,8.046
2051,13105,8.848
2052,13113,12.643
2053,13165,7.411
2054,13217,9.035
2055,13227,11.404
2056,13071,6.763
2057,13085,7.179
2058,13063,8.134
2059,13139,7.163
2060,13149,8.497
2061,13141,6.005
2062,13189,10.502
2063,13211,8.307
2064,13095,8.399
2065,13111,10.593
2066,13153,15.766
2067,13175,9.284
2068,13255,9.022
2069,13271,6.558
2070,13291,10.899
2071,13303,7.141
2072,13311,10.427
2073,13223,8.057
2074,13231,8.662
2075,13245,12.929
2076,13267,9.352
2077,13019,7.292
2078,13295,7.871
2079,13135,5.808
2080,13013,7.181
2081,13049,8.812
2082,13065,5.777
2083,13015,8.121
2084,13097,9.381
2085,13131,8.406
2086,13161,4.989
2087,13209,6.542
2088,13221,8.568
2089,13243,4.921
2090,13247,10.046
2091,13299,7.637
2092,13305,9.827
2093,13309,6.884
2094,13315,7.674
2095,13009,7.308
2096,13031,6.679
2097,13059,4.447
2098,13101,4.086
2099,13127,10.05
2100,13143,6.709
2101,13163,7.842
2102,13169,10.788
2103,13213,5.93
2104,13215,14.7
2105,13241,10.468
2106,13259,5.967
2107,13283,9.451
2108,13155,6.682
2109,13003,5.766
2110,13005,8.709
2111,13025,6.949
2112,16087,9.535
2113,16031,6.299
2114,16045,15.342
2115,16085,11.078
2116,16003,16.758
2117,16069,9.725
2118,16055,10.504
2119,16061,13.367
2120,16023,11.861
2121,16083,9.542
2122,16073,9.086
2123,16015,14.981
2124,16029,6.952
2125,16001,8.774
2126,16005,8.408
2127,16011,6.286
2128,16025,13.083
2129,16027,8.914
2130,16051,7.978
2131,16057,7.348
2132,16075,9.278
2133,16009,13.202
2134,16033,3.748
2135,16039,23.617
2136,16043,7.931
2137,16079,13.102
2138,16049,13.307
2139,15001,9.535
2140,15009,7.132
2141,15007,7.556
2142,15005,2.817
2143,17083,10.518
2144,17155,8.664
2145,17039,9.057
2146,17051,8.609
2147,17103,7.8
2148,17107,8.623
2149,17117,9.794
2150,17159,9.08
2151,17165,9.013
2152,17189,9.526
2153,17135,10.06
2154,17195,9.804
2155,17001,9.166
2156,17027,9.846
2157,17037,6.337
2158,17047,9.555
2159,17079,6.23
2160,17081,9.583
2161,17197,5.905
2162,17199,10.025
2163,17041,7.591
2164,17057,9.472
2165,17061,10.674
2166,17069,10.055
2167,17073,9.026
2168,17095,8.764
2169,17097,6.006
2170,17127,9.893
2171,17171,9.395
2172,17017,9.491
2173,17099,8.285
2174,17067,9.595
2175,17063,8.096
2176,17091,7.905
2177,17043,4.71
2178,17167,8.447
2179,17129,11.807
2180,17177,9.184
2181,17031,4.054
2182,17141,8.944
2183,17137,9.264
2184,17193,9.467
2185,17203,8.983
2186,17071,10.394
2187,17111,6.524
2188,17113,6.234
2189,17145,8.466
2190,17149,8.878
2191,17161,8.735
2192,17163,12.544
2193,17185,11.255
2194,17013,11.018
2195,17035,8.516
2196,17085,9.719
2197,17089,5.448
2198,17101,7.566
2199,17009,7.248
2200,17123,10.764
2201,17075,8.576
2202,17021,10.237
2203,17025,9.069
2204,17059,10.152
2205,17077,7.109
2206,17133,8.714
2207,17143,7.465
2208,17181,9.775
2209,17201,8.096
2210,17147,9.186
2211,17153,11.172
2212,17169,9.075
2213,17175,9.114
2214,17045,9.529
2215,17005,9.171
2216,17007,8.111
2217,17011,8.843
2218,17015,10.265
2219,17029,7.525
2220,17033,8.954
2221,18105,5.076
2222,18045,8.066
2223,18039,6.066
2224,18025,10.007
2225,18017,8.764
2226,18097,6.885
2227,18021,8.277
2228,18063,8.059
2229,18047,7.942
2230,18053,8.569
2231,18071,6.657
2232,18067,9.622
2233,18119,9.425
2234,18135,8.307
2235,18183,8.812
2236,18013,12.35
2237,18023,7.358
2238,18161,10.32
2239,18093,10.304
2240,18027,8.593
2241,18029,8.721
2242,18083,8.671
2243,18123,9.806
2244,18131,9.248
2245,18129,8.825
2246,18171,10.211
2247,18165,10.656
2248,18003,7.261
2249,18031,6.8
2250,18043,8.324
2251,18079,9.219
2252,18081,8.254
2253,18109,10.089
2254,18051,8.27
2255,18117,8.492
2256,18085,8.005
2257,18099,7.676
2258,18163,8.108
2259,18009,9.425
2260,18143,8.397
2261,18061,9.103
2262,18091,9.162
2263,18169,7.577
2264,18073,8.672
2265,18101,12.406
2266,18127,7.661
2267,18145,8.77
2268,18137,9.514
2269,18147,10.262
2270,18153,7.966
2271,18159,9.698
2272,18157,5.122
2273,18167,8.402
2274,18173,8.398
2275,18057,6.118
2276,18033,7.673
2277,18087,5.63
2278,18005,6.432
2279,18139,8.138
2280,18011,6.423
2281,18049,9.875
2282,18089,7.407
2283,18107,8.015
2284,18113,8.119
2285,18001,6.373
2286,18041,9.526
2287,19055,7.731
2288,19185,9.25
2289,19113,8.127
2290,19163,9.105
2291,19141,9.423
2292,19011,8.972
2293,19061,7.551
2294,19079,7.642
2295,19151,10.452
2296,19175,10.05
2297,19177,10.291
2298,19159,8.837
2299,19051,6.763
2300,19001,8.206
2301,19009,8.599
2302,19039,9.154
2303,19093,9.525
2304,19107,8.722
2305,19135,8.332
2306,19179,8.56
2307,19167,5.536
2308,19025,10.212
2309,19031,10.616
2310,19033,8.75
2311,19073,8.775
2312,19083,9.291
2313,19117,8.484
2314,19189,7.675
2315,19147,8.917
2316,19007,8.373
2317,19095,8.869
2318,19099,8.596
2319,19191,6.868
2320,19157,8.298
2321,19127,9.523
2322,19015,8.663
2323,19017,8.441
2324,19089,8.671
2325,19063,7.36
2326,19081,8.352
2327,19121,6.822
2328,19125,7.331
2329,19197,9.469
2330,39097,7.949
2331,39119,8.664
2332,27037,7.383
2333,27083,6.841
2334,27129,7.945
2335,27031,8.743
2336,27093,9.402
2337,27113,9.717
2338,27167,7.066
2339,27027,6.714
2340,27045,8.799
2341,27119,8.462
2342,27135,8.667
2343,27165,8.246
2344,27011,9.731
2345,27021,12.45
2346,27049,9.836
2347,27063,8.545
2348,27105,6.628
2349,27141,7.941
2350,27019,6.2
2351,27061,11.127
2352,27123,5.519
2353,27169,7.67
2354,28089,6.003
2355,28091,6.183
2356,48449,8.198
2357,48291,8.108
2358,48497,10.151
2359,48249,6.284
2360,48127,5.048
2361,48157,4.928
2362,48235,8.594
2363,48097,8.208
2364,48115,4.327
2365,48051,8.981
2366,48245,7.543
2367,48359,4.148
2368,48141,8.195
2369,48443,7.61
2370,48463,6.535
2371,48009,9.099
2372,48215,3.326
2373,48425,7.045
2374,49045,9.001
2375,48207,6.608
2376,48333,11.219
2377,48351,10.236
2378,49043,4.908
2379,49031,9.576
2380,49001,7.722
2381,49039,5.865
2382,49049,3.685
2383,50011,7.436
2384,50003,8.8
2385,50009,11.894
2386,51530,6.573
2387,51730,11.074
2388,51600,7.838
2389,51683,8.558
2390,51800,16.56
2391,51041,9.924
2392,51093,12.557
2393,51620,12.542
2394,51540,4.44
2395,51087,7.432
2396,51101,9.522
2397,51109,11.423
2398,51147,7.607
2399,51159,9.202
2400,51177,13.803
2401,51043,9.778
2402,51117,10.126
2403,51015,9.894
2404,51051,7.735
2405,51107,7.873
2406,51161,9.398
2407,51570,12.629
2408,51021,7.799
2409,51029,9.067
2410,51580,10.977
2411,51810,17.492
2412,51640,9.282
2413,51193,13.468
2414,51155,9.39
2415,51590,9.711
2416,51009,9.877
2417,51017,7.065
2418,51700,15.407
2419,51680,7.292
2420,51690,6.847
2421,51057,8.175
2422,51790,8.43
2423,51750,4.88
2424,51045,8.111
2425,51071,7.469
2426,51157,11.524
2427,54085,9.948
2428,54043,8.285
2429,54079,9.152
2430,54005,7.792
2431,54051,9.957
2432,54093,9.117
2433,54073,9.842
2434,54087,9.889
2435,54107,10.002
2436,54053,9.096
2437,54037,11.876
2438,54045,6.594
2439,53031,15.675
2440,53049,13.466
2441,53059,13.208
2442,53009,14.964
2443,53039,13.644
2444,53017,8.66
2445,53053,13.465
2446,53071,10.095
2447,53061,8.695
2448,53067,13.741
2449,53011,9.43
2450,53001,4.068
2451,53057,11.265
2452,53043,14.066
2453,55119,8.398
2454,55099,10.887
2455,55079,5.807
2456,55033,7.855
2457,55045,6.993
2458,55115,9.13
2459,55078,7.565
2460,55011,8.603
2461,55063,8.342
2462,55035,7.127
2463,55095,9.063
2464,55133,6.907
2465,55125,11.609
2466,55057,10.707
2467,55131,7.908
2468,55025,5.553
2469,55039,7.423
2470,55091,8.881
2471,55097,6.998
2472,56023,9.814
2473,56021,14.662
2474,72075,3.922
2475,72133,3.757
2476,72057,1.084
2477,72063,3.364
2478,72087,2.824
2479,72005,4.94
2480,72083,2.42
2481,72149,2.531
2482,72031,3.955
2483,72047,1.443
2484,72113,3.78
2485,72137,3.459
2486,72003,2.098
2487,72039,1.632
2488,72041,2.7
2489,72089,4.106
2490,72129,1.963
2491,72073,2.32
2492,72119,2.864
2493,72145,2.342
2494,72059,2.981
2495,72079,1.465
2496,01093,6.412
2497,01073,7.351
2498,01059,5.296
2499,01019,10.142
2500,01047,6.965
2501,01087,9.028
2502,01117,8.023
2503,01003,11.938
2504,01069,9.959
2505,01125,6.417
2506,01027,7.463
2507,01109,6.974
2508,01037,11.76
2509,01065,6.768
2510,01053,7.531
2511,01013,7.6
2512,01105,5.155
2513,01035,7.868
2514,01007,7.152
2515,01017,8.24
2516,01057,8.909
2517,01009,8.532
2518,01001,12.283
2519,01061,10.367
2520,02261,15.457
2521,02105,10.573
2522,02275,13.511
2523,04019,10.666
2524,04007,12.646
2525,04003,19.285
2526,04001,5.614
2527,04025,14.094
2528,04017,9.338
2529,05119,9.363
2530,05021,8.88
2531,05039,9.833
2532,05121,9.125
2533,05009,11.169
2534,05063,8.58
2535,05053,11.086
2536,05045,7.623
2537,05089,13.69
2538,05129,11.044
2539,05033,9.606
2540,05059,8.924
2541,05087,6.989
2542,05061,7.899
2543,05093,7.117
2544,05139,7.106
2545,39055,7.242
2546,39111,8.782
2547,39085,8.136
2548,39023,11.566
2549,39075,5.379
2550,39165,7.946
2551,39005,8.135
2552,40133,10.402
2553,40011,8.279
2554,40029,8.481
2555,40073,6.897
2556,40095,10.861
2557,40105,5.58
2558,40131,10.098
2559,40003,11.268
2560,40027,9.54
2561,40005,8.246
2562,40043,6.138
2563,40083,9.877
2564,40147,9.387
2565,40061,9.27
2566,40111,9.474
2567,40067,8.444
2568,40049,8.499
2569,40123,7.238
2570,40063,8.303
2571,40031,19.647
2572,40117,9.96
2573,41019,14.535
2574,41053,9.374
2575,41017,9.592
2576,41071,9.245
2577,41035,13.617
2578,41003,7.009
2579,41013,13.302
2580,41025,14.069
2581,41063,11.601
2582,41069,12.78
2583,41011,14.521
2584,41027,6.692
2585,41051,5.908
2586,42055,10.36
2587,42009,9.259
2588,42111,9.546
2589,42133,8.818
2590,42015,11.602
2591,42029,6.548
2592,42063,7.767
2593,42125,9.088
2594,42103,9.271
2595,42077,6.751
2596,42031,8.892
2597,42033,9.351
2598,42081,9.731
2599,42123,11.865
2600,42047,10.162
2601,42085,9.954
2602,42113,12.356
2603,44003,8.52
2604,44009,8.134
2605,45073,10.836
2606,45005,6.94
2607,45023,7.428
2608,45067,7.951
2609,45019,9.2
2610,45069,7.521
2611,45021,8.276
2612,45053,10.244
2613,45061,6.565
2614,45083,7.915
2615,45013,13.059
2616,45081,7.694
2617,46067,9.31
2618,46017,8.723
2619,46041,7.046
2620,46065,8.652
2621,46111,8.447
2622,46059,7.38
2623,46135,10.155
2624,46005,7.794
2625,46035,8.925
2626,46073,9.188
2627,46117,6.937
2628,46107,10.489
2629,46023,8.986
2630,46091,8.115
2631,46101,9.877
2632,46121,4.854
2633,46085,4.354
2634,46115,10.614
2635,46011,6.248
2636,46057,8.941
2637,47083,11.026
2638,47071,9.88
2639,47069,6.936
2640,47139,8.683
2641,47185,9.665
2642,47171,12.256
2643,47183,7.955
2644,47007,6.941
2645,47031,10.61
2646,47073,8.811
2647,47111,6.275
2648,47147,7.892
2649,47021,8.451
2650,47055,8.838
2651,47113,7.698
2652,47137,9.8
2653,47181,8.923
2654,47003,8.911
2655,47035,13.836
2656,47025,7.83
2657,47085,9.995
2658,47141,6.923
2659,47161,14.812
2660,47039,8.071
2661,47109,6.843
2662,48317,5.57
2663,47011,7.724
2664,48267,13.725
2665,48467,9.288
2666,48501,3.395
2667,48387,6.146
2668,48435,8.691
2669,48459,8.326
2670,48481,6.212
2671,48033,8.114
2672,48315,11.461
2673,48181,10.431
2674,48363,9.341
2675,48123,8.025
2676,48059,11.363
2677,48183,8.351
2678,48303,6.483
2679,48257,8.035
2680,48153,7.338
2681,48071,6.85
2682,48027,21.423
2683,48233,7.087
2684,48361,8.785
2685,48495,5.403
2686,48053,10.695
2687,48113,4.946
2688,48311,6.967
2689,48251,6.913
2690,48205,7.217
2691,48293,7.665
2692,48367,10.664
2693,48109,8.387
2694,48169,2.673
2695,48453,5.5
2696,48087,8.722
2697,48279,4.916
2698,48301,3.846
2699,28117,7.001
2700,28059,11.885
2701,28143,5.58
2702,28021,4.391
2703,28075,8.981
2704,28127,6.166
2705,28007,6.397
2706,28027,6.528
2707,28147,4.856
2708,28115,6.983
2709,28003,5.969
2710,28033,8.42
2711,29129,8.618
2712,29047,8.752
2713,29065,10.723
2714,29227,8.634
2715,29510,6.625
2716,29023,10.232
2717,29087,11.384
2718,29139,10.334
2719,29207,9.581
2720,29221,10.022
2721,29063,10.428
2722,29107,8.937
2723,29197,7.078
2724,29029,11.934
2725,29097,8.19
2726,29119,8.579
2727,29167,9.513
2728,29179,11.698
2729,29201,9.438
2730,29011,7.289
2731,29051,8.448
2732,29073,9.718
2733,29121,11.785
2734,29155,6.819
2735,29203,11.308
2736,29067,10.506
2737,29083,13.877
2738,29109,9.736
2739,30015,8.886
2740,30053,14.795
2741,30103,8.814
2742,30097,12.989
2743,30079,16.569
2744,30035,7.244
2745,30037,16.134
2746,30095,9.18
2747,30039,17.382
2748,30057,12.518
2749,30091,9.397
2750,30003,8.249
2751,30033,7.88
2752,30049,12.058
2753,30063,8.364
2754,30013,15.209
2755,30077,12.778
2756,30031,6.985
2757,30001,7.755
2758,30065,15.832
2759,31161,11.583
2760,31129,11.92
2761,31063,10.426
2762,31055,7.293
2763,31029,9.193
2764,31005,6.84
2765,31061,10.099
2766,31095,9.816
2767,31115,12.676
2768,31137,7.769
2769,31157,8.101
2770,31105,10.162
2771,31121,10.222
2772,31021,10.499
2773,31039,8.679
2774,31075,6.847
2775,31085,11.382
2776,31027,9.01
2777,31097,7.857
2778,31071,10.701
2779,31133,10.985
2780,31183,6.994
2781,31185,8.32
2782,31037,5.166
2783,31113,10.526
2784,31143,8.397
2785,31017,8.874
2786,32015,11.726
2787,32011,11.693
2788,34021,4.351
2789,34035,3.82
2790,34001,6.17
2791,34023,3.826
2792,34009,8.904
2793,34039,3.539
2794,34019,5.499
2795,35028,10.153
2796,35061,10.542
2797,35001,9.207
2798,35011,17.328
2799,35023,9.651
2800,35043,10.617
2801,35009,14.245
2802,35021,15.026
2803,35045,7.679
2804,35005,7.632
2805,35059,10.192
2806,35041,8.308
2807,36005,2.433
2808,36035,8.31
2809,36083,7.601
2810,36027,6.284
2811,36043,9.453
2812,36089,8.897
2813,36113,9.224
2814,36055,6.007
2815,36111,6.159
2816,36051,7.769
2817,36039,8.507
2818,36003,9.762
2819,36009,10.312
2820,36093,7.033
2821,36123,7.808
2822,37087,11.223
2823,37005,9.358
2824,37045,8.221
2825,37077,6.944
2826,37093,16.353
2827,37097,7.235
2828,37147,7.525
2829,37039,12.312
2830,37193,8.244
2831,37003,7.203
2832,37031,14.25
2833,37139,12.068
2834,37173,6.882
2835,37007,7.138
2836,37069,7.345
2837,37113,10.068
2838,37175,11.784
2839,37047,8.424
2840,37123,8.711
2841,37153,8.04
2842,37171,7.353
2843,37021,8.567
2844,37025,8.073
2845,37057,7.764
2846,37091,6.398
2847,37141,10.444
2848,37189,5.793
2849,37177,11.201
2850,38097,8.323
2851,38021,8.521
2852,38101,11.719
2853,38049,10.254
2854,38005,7.267
2855,38075,11.755
2856,38015,7.891
2857,38065,10.065
2858,38071,8.983
2859,38039,9.245
2860,38083,8.326
2861,38103,6.638
2862,39099,8.76
2863,39145,8.543
2864,39105,9.055
2865,39131,8.343
2866,39061,6.542
2867,39043,10.348
2868,39087,8.968
2869,39157,9.07
2870,39015,9.201
2871,39089,9.82
2872,39019,8.728
2873,39025,8.429
2874,39071,10.295
2875,39133,7.849
2876,39013,8.877
2877,39127,9.476
2878,48019,14.633
2879,48395,7.19
2880,48441,10.771
2881,48455,13.874
2882,48079,4.033
2883,48091,12.132
2884,48225,10.034
2885,48375,7.541
2886,48415,5.96
2887,48103,5.131
2888,48433,13.104
2889,48049,10.15
2890,48025,9.199
2891,48307,8.312
2892,48287,9.078
2893,48139,8.317
2894,48265,12.088
2895,48145,9.246
2896,19137,8.905
2897,19123,7.352
2898,19019,8.951
2899,19053,6.807
2900,20085,11.357
2901,20109,9.052
2902,20209,7.065
2903,20027,15.806
2904,20169,8.946
2905,20197,11.169
2906,20123,10.135
2907,20005,7.848
2908,20055,3.763
2909,20103,16.524
2910,20187,3.196
2911,20119,6.325
2912,20151,7.311
2913,20003,10.759
2914,20061,25.046
2915,20057,4.196
2916,20117,10.13
2917,20023,10.314
2918,20035,8.924
2919,20059,8.609
2920,20089,10.127
2921,20159,6.724
2922,20017,8.383
2923,20203,7.832
2924,20137,9.811
2925,20009,8.198
2926,20047,6.476
2927,20165,9.627
2928,20115,8.752
2929,20143,8.197
2930,20007,9.275
2931,20041,14.128
2932,21223,9.954
2933,21105,11.356
2934,21179,9.085
2935,21081,8.842
2936,21141,7.263
2937,21191,7.066
2938,21215,8.071
2939,21011,6.434
2940,21021,6.649
2941,21095,6.8
2942,21137,6.851
2943,21171,7.754
2944,21225,7.541
2945,21035,6.169
2946,21059,8.258
2947,21199,9.763
2948,21101,7.861
2949,21119,4.191
2950,21177,8.057
2951,21001,6.312
2952,21057,8.362
2953,21129,5.5
2954,21135,8.168
2955,21239,8.453
2956,21113,7.953
2957,21133,4.38
2958,21145,9.235
2959,21235,7.074
2960,21071,5.685
2961,21147,7.813
2962,21169,8.489
2963,21205,5.81
2964,21049,9.106
2965,21041,8.776
2966,21065,6.18
2967,21089,8.405
2968,21043,5.443
2969,22057,5.1
2970,22053,7.415
2971,22125,7.112
2972,22011,11.653
2973,22039,5.5
2974,22061,5.893
2975,22119,7.667
2976,22047,4.756
2977,22067,6.593
2978,22109,5.906
2979,22027,7.355
2980,22009,7.901
2981,22077,5.209
2982,22115,18.64
2983,22085,9.033
2984,22059,6.433
2985,23015,11.806
2986,23021,12.833
2987,23029,12.415
2988,23023,13.096
2989,23011,10.553
2990,23009,10.557
2991,24039,7.481
2992,24001,9.119
2993,24033,7.975
2994,24021,8.538
2995,24029,9.071
2996,25027,6.881
2997,26033,10.417
2998,26125,5.729
2999,26121,9.096
3000,26087,7.646
3001,26151,8.527
3002,26131,14.573
3003,26001,15.352
3004,26079,10.133
3005,26065,5.915
3006,26129,10.869
3007,26165,10.481
3008,26043,12.322
3009,26109,11.166
3010,26113,8.889
3011,26159,8.421
3012,26015,8.906
3013,26019,12.519
3014,26153,11.195
3015,26055,8.847
3016,26049,7.372
3017,26093,7.551
3018,26101,11.674
3019,26051,10.706
3020,05075,8.548
3021,05029,10.644
3022,05001,7.98
3023,05085,12.679
3024,06047,5.113
3025,06049,12.019
3026,06027,10.657
3027,06099,5.605
3028,06103,9.286
3029,06069,5.697
3030,06017,9.437
3031,06075,3.193
3032,06107,4.471
3033,06057,10.177
3034,06039,6.041
3035,06105,11.394
3036,06071,5.914
3037,06061,8.978
3038,06095,9.766
3039,06011,5.108
3040,06031,10.015
3041,06019,5.251
3042,06111,6.337
3043,08123,7.621
3044,08027,20.234
3045,08035,8.035
3046,08067,7.596
3047,08105,7.156
3048,08011,10.132
3049,08111,12.632
3050,08075,9.975
3051,08119,15.607
3052,08039,12.128
3053,08073,8.112
3054,08003,7.489
3055,08043,14.429
3056,08085,10.47
3057,08109,8.965
3058,08053,11.637
3059,08049,10.75
3060,08089,9.205
3061,09005,7.828
3062,09011,10.533
3063,12129,11.661
3064,09001,4.478
3065,10001,13.039
3066,12057,8.707
3067,12045,12.381
3068,12097,6.482
3069,12131,11.683
3070,12065,9.482
3071,12049,6.347
3072,12093,9.545
3073,12041,10.311
3074,12001,7.006
3075,12015,14.385
3076,12085,11.256
3077,12115,12.14
3078,12017,15.883
3079,12113,18.694
3080,12011,5.124
3081,12087,10.529
3082,13313,4.992
3083,13285,7.747
3084,13145,13.005
3085,13321,8.616
3086,13109,10.409
3087,13307,5.986
3088,13125,7.592
3089,13051,10.466
3090,13173,11.864
3091,13195,8.285
3092,13147,6.873
3093,13191,13.818
3094,13237,9.146
3095,13301,4.552
3096,13029,14.943
3097,13039,17.885
3098,13099,5.997
3099,13069,5.601
3100,13123,10.479
3101,13317,7.423
3102,13129,7.021
3103,13057,7.907
3104,13177,10.493
3105,13133,8.997
3106,13075,7.842
3107,13121,5.391
3108,13187,9.232
3109,13201,5.804
3110,13219,7.1
3111,13151,10.414
3112,13183,17.405
3113,13257,8.68
3114,13293,8.513
3115,13225,10.181
3116,13229,7.317
3117,13251,8.879
3118,13011,9.067
3119,13061,9.144
3120,13089,6.473
3121,13157,8.806
3122,13181,9.223
3123,13001,7.588
3124,13235,7.816
3125,13281,11.58
3126,13287,11.15
3127,16077,9.421
3128,16071,8.701
3129,16063,8.415
3130,16041,5.805
3131,16053,7.493
3132,16067,6.708
3133,16013,7.701
3134,16021,13.407
3135,16047,8.853
3136,16007,7.542
3137,16019,7.643
3138,16035,16.736
3139,16059,12.956
3140,16017,13.127
3141,16037,12.999
3142,16065,3.128
3143,16081,4.118
3144,15003,10.512
3145,17183,8.916
3146,17023,8.38
3147,17049,7.255
3148,17065,8.217
3149,17087,9.719
3150,17105,9.199
3151,17179,8.669
3152,17187,7.253
3153,17119,10.269
3154,17131,10.172
3155,17003,8.867
3156,17157,8.798
3157,17115,8.74
3158,17191,8.71
3159,17055,10.205
3160,17109,7.414
3161,17139,9.608
3162,17151,14.282
3163,17173,10.027
3164,17019,5.452
3165,17053,8.95
3166,17093,6.195
3167,17121,9.265
3168,17125,11.51
3169,18149,8.478
3170,18055,8.461
3171,18177,9.436
3172,18037,7.078
3173,18059,10.839
3174,18115,10.095
3175,18121,10.015
3176,18007,7.248
3177,18133,8.677
3178,18175,9.941
3179,18065,8.927
3180,18095,9.321
3181,18125,8.851
3182,18151,8.151
3183,18103,10.704
3184,18179,7.895
3185,18035,7.061
3186,18077,9.765
3187,18111,9.45
3188,18141,6.662
3189,18155,12.171
3190,18015,9.962
3191,18069,7.914
3192,18181,10.315
3193,18075,7.014
3194,18019,9.457
3195,19101,7.07
3196,19005,8.463
3197,19049,6.64
3198,19023,8.565
3199,19071,10.212
3200,19173,9.657
3201,19195,10.406
3202,19003,8.311
3203,19037,9.59
3204,19059,8.657
3205,19103,4.439
3206,19171,8.548
3207,19069,7.645
3208,19027,8.328
3209,19067,10.398
3210,19115,6.964
3211,19119,7.73
3212,19165,9.238
3213,19087,9.285
3214,19145,8.08
3215,19155,9.749
3216,19043,10.008
3217,19021,6.061
3218,19077,9.05
3219,19091,9.496
3220,19183,8.371
